Order ID,Order Date,Ship Date,EmailID,Geography,Category,Product Name,Sales,Quantity,Profit,Shipping Days,Profit Margin,Month,year
CA-2013-138688,13-06-2013,17-06-2013,DarrinVanHuff@gmail.com,"United States,Los Angeles,California",Labels,Self-Adhesive Address Labels for Typewriters by Universal,14.62,2.00,6.87,4,47,6,2013
CA-2011-115812,09-06-2011,14-06-2011,BrosinaHoffman@gmail.com,"United States,Los Angeles,California",Furnishings,"Eldon Expressions Wood and Plastic Desk Accessories, Cherry Wood",48.86,7.00,14.17,5,29,6,2011
CA-2013-161389,06-12-2013,11-12-2013,IreneMaddox@gmail.com,"United States,Seattle,Washington",Binders,Fellowes PB200 Plastic Comb Binding Machine,407.98,3.00,132.59,5,32.5,12,2013
CA-2011-167164,13-05-2011,15-05-2011,AlejandroGrove@gmail.com,"United States,West Jordan,Utah",Storage,Fellowes Super Stor/Drawer,55.50,2.00,9.99,2,18,5,2011
CA-2011-143336,27-08-2011,01-09-2011,ZuschussDonatelli@gmail.com,"United States,San Francisco,California",Art,Newell 341,8.56,2.00,2.48,5,29,8,2011
CA-2012-106320,25-09-2012,30-09-2012,EmilyBurns@gmail.com,"United States,Orem,Utah",Tables,Bretford CR4500 Series Slim Rectangular Table,1044.63,3.00,240.26,5,23,9,2012
CA-2013-121755,16-01-2013,20-01-2013,EricHoffmann@gmail.com,"United States,Los Angeles,California",Binders,Wilson Jones Active Use Binders,11.65,2.00,4.22,4,36.25,1,2013
CA-2013-101343,18-07-2013,23-07-2013,RubenAusman@gmail.com,"United States,Los Angeles,California",Storage,"Eldon Base for stackable storage shelf, platinum",77.88,2.00,3.89,5,5,7,2013
CA-2012-135545,24-11-2012,30-11-2012,KunstMiller@gmail.com,"United States,Los Angeles,California",Accessories,"Verbatim 25 GB 6x Blu-ray Single Layer Recordable Disc, 3/Pack",13.98,2.00,6.15,6,44,11,2012
CA-2011-106376,05-12-2011,10-12-2011,BrendanSweed@gmail.com,"United States,Gilbert,Arizona",Art,"Hunt BOSTON Model 1606 High-Volume Electric Pencil Sharpener, Beige",1113.02,8.00,111.30,5,10,12,2011
CA-2011-139451,12-10-2011,16-10-2011,DuaneNoonan@gmail.com,"United States,San Francisco,California",Art,"Premium Writing Pencils, Soft, #2 by Central Association for the Blind",14.90,5.00,4.17,4,28,10,2011
CA-2013-109806,18-09-2013,23-09-2013,JimSink@gmail.com,"United States,Los Angeles,California",Art,Turquoise Lead Holder with Pocket Clip,20.10,3.00,6.63,5,33,9,2013
US-2014-109484,07-11-2014,13-11-2014,RogerBarcio@gmail.com,"United States,Portland,Oregon",Binders,Flexible Leather- Look Classic Collection Ring Binder,5.68,1.00,-3.79,6,-66.66666667,11,2014
CA-2014-157833,18-06-2014,21-06-2014,KatherineDucich@gmail.com,"United States,San Francisco,California",Binders,Trimflex Flexible Post Binders,51.31,3.00,17.96,3,35,6,2014
US-2012-156867,13-11-2012,17-11-2012,LenaCacioppo@gmail.com,"United States,Aurora,Colorado",Accessories,Logitech K350 2.4Ghz Wireless Keyboard,238.90,6.00,-26.88,4,-11.25,11,2012
CA-2012-110457,02-03-2012,06-03-2012,DaveKipp@gmail.com,"United States,Seattle,Washington",Tables,Hon Racetrack Conference Tables,787.53,3.00,165.38,4,21,3,2012
US-2014-107272,06-11-2014,13-11-2014,TroyStaebel@gmail.com,"United States,Phoenix,Arizona",Binders,"Avery Durable Slant Ring Binders, No Labels",2.39,2.00,-1.83,7,-76.66666667,11,2014
US-2013-125969,07-11-2013,11-11-2013,LindsayShagiari@gmail.com,"United States,Los Angeles,California",Chairs,"Global Task Chair, Black",81.42,2.00,-9.16,4,-11.25,11,2013
CA-2013-145583,14-10-2013,20-10-2013,LenaCreighton@gmail.com,"United States,Roseville,California",Paper,Xerox 195,20.04,3.00,9.62,6,48,10,2013
CA-2014-106180,19-09-2014,24-09-2014,SallyHughsby@gmail.com,"United States,San Francisco,California",Art,Newell 343,8.82,3.00,2.38,5,27,9,2014
CA-2012-110744,07-09-2012,12-09-2012,HelenAndreada@gmail.com,"United States,Pasadena,California",Storage,Safco Industrial Wire Shelving,671.93,7.00,20.16,5,3,9,2012
CA-2013-158834,14-03-2013,17-03-2013,TamaraWillingham@gmail.com,"United States,Scottsdale,Arizona",Appliances,Belkin 7 Outlet SurgeMaster Surge Protector with Phone Protection,157.92,5.00,17.77,3,11.25,3,2013
CA-2012-124919,31-05-2012,02-06-2012,StephaniePhelps@gmail.com,"United States,San Jose,California",Paper,Southworth 25% Cotton Antique Laid Paper & Envelopes,58.38,7.00,26.27,2,45,5,2012
CA-2012-118948,28-05-2012,03-06-2012,NeilKnudson@gmail.com,"United States,Seattle,Washington",Art,Newell 311,6.63,3.00,1.79,6,27,5,2012
CA-2011-104269,01-03-2011,06-03-2011,DaveBrooks@gmail.com,"United States,Seattle,Washington",Chairs,Global Deluxe High-Back Manager's Chair,457.57,2.00,51.48,5,11.25,3,2011
CA-2013-162733,12-05-2013,13-05-2013,TedTrevino@gmail.com,"United States,Los Angeles,California",Paper,Xerox 1920,5.98,1.00,2.69,1,45,5,2013
CA-2013-154508,17-11-2013,21-11-2013,RubenDartt@gmail.com,"United States,Carlsbad,New Mexico",Envelopes,Staples,28.40,5.00,13.35,4,47,11,2013
CA-2013-113817,08-11-2013,12-11-2013,MaxJones@gmail.com,"United States,Seattle,Washington",Binders,Wilson Jones International Size A4 Ring Binders,27.68,2.00,9.69,4,35,11,2013
CA-2011-118962,05-08-2011,09-08-2011,ChadSievert@gmail.com,"United States,Los Angeles,California",Paper,"Adams Phone Message Book, Professional, 400 Message Capacity, 5 3/6 x 11",20.94,3.00,9.84,4,47,8,2011
CA-2011-123260,26-08-2011,30-08-2011,FrankMerwin@gmail.com,"United States,Los Angeles,California",Accessories,SanDisk Ultra 32 GB MicroSDHC Class 10 Memory Card,176.80,8.00,22.98,4,13,8,2011
CA-2012-131457,31-10-2012,06-11-2012,MaryZewe@gmail.com,"United States,Redlands,California",Envelopes,Poly String Tie Envelopes,14.28,7.00,6.71,6,47,10,2012
CA-2011-133690,03-08-2011,05-08-2011,BruceStewart@gmail.com,"United States,Denver,Colorado",Tables,BoxOffice By Design Rectangular and Half-Moon Meeting Room Tables,218.75,2.00,-161.88,2,-74,8,2011
CA-2014-108329,10-12-2014,15-12-2014,LaurelElliston@gmail.com,"United States,Whittier,California",Phones,Nortel Business Series Terminal T7208 Digital phone,444.77,4.00,44.48,5,10,12,2014
CA-2013-130162,29-10-2013,02-11-2013,JonathanHowell@gmail.com,"United States,Los Angeles,California",Storage,"Personal Filing Tote with Lid, Black/Gray",93.06,6.00,26.06,4,28,10,2013
CA-2014-160514,13-11-2014,17-11-2014,DavidBremer@gmail.com,"United States,Santa Clara,California",Paper,Xerox 4200 Series MultiUse Premium Copy Paper (20Lb. and 84 Bright),10.56,2.00,4.75,4,45,11,2014
CA-2013-154739,11-12-2013,16-12-2013,LoganHaushalter@gmail.com,"United States,San Francisco,California",Chairs,"Global Leather Highback Executive Chair with Pneumatic Height Adjustment, Black",321.57,2.00,28.14,5,8.75,12,2013
CA-2013-145625,12-09-2013,18-09-2013,KellyCollister@gmail.com,"United States,San Diego,California",Paper,"Wirebound Message Books, Two 4 1/4"" x 5"" Forms per Page",7.61,1.00,3.58,6,47,9,2013
CA-2012-155040,10-11-2012,15-11-2012,AlanHwang@gmail.com,"United States,Brentwood,California",Accessories,Microsoft Sculpt Comfort Mouse,79.90,2.00,35.16,5,44,11,2012
CA-2014-163979,29-12-2014,03-01-2015,KristenHastings@gmail.com,"United States,San Francisco,California",Storage,Adjustable Depth Letter/Legal Cart,725.84,4.00,210.49,5,29,12,2014
CA-2012-155334,30-07-2012,31-07-2012,HelenAndreada@gmail.com,"United States,San Francisco,California",Accessories,Logitech 910-002974 M325 Wireless Mouse for Web Scrolling,209.93,7.00,92.37,1,44,7,2012
CA-2014-118136,17-09-2014,18-09-2014,BarryBlumstein@gmail.com,"United States,Inglewood,California",Paper,"Ampad Gold Fibre Wirebound Steno Books, 6"" x 9"", Gregg Ruled",8.82,2.00,4.06,1,46,9,2014
CA-2012-130890,02-11-2012,06-11-2012,JasO'Carroll@gmail.com,"United States,Los Angeles,California",Tables,"Bevis Round Bullnose 29"" High Table Top",1038.84,5.00,51.94,4,5,11,2012
CA-2012-130883,26-09-2012,02-10-2012,TracyBlumstein@gmail.com,"United States,Portland,Oregon",Paper,Staples,141.76,5.00,47.84,6,33.75,9,2012
CA-2011-111451,26-12-2011,28-12-2011,KellyLampkin@gmail.com,"United States,Colorado Springs,Colorado",Furnishings,"Howard Miller 13"" Diameter Goldtone Round Wall Clock",300.42,8.00,78.86,2,26.25,12,2011
CA-2013-142902,13-09-2013,15-09-2013,BenPeterman@gmail.com,"United States,Arvada,Colorado",Furnishings,C-Line Cubicle Keepers Polyproplyene Holder With Velcro Backings,15.14,4.00,3.59,2,23.75,9,2013
CA-2011-156601,19-09-2011,24-09-2011,FrankAtkinson@gmail.com,"United States,Long Beach,California",Fasteners,OIC Binder Clips,7.16,2.00,3.58,5,50,9,2011
CA-2013-162138,24-04-2013,28-04-2013,GraceKelly@gmail.com,"United States,Hesperia,California",Binders,Ibico Laser Imprintable Binding System Covers,251.52,6.00,81.74,4,32.5,4,2013
CA-2012-137946,01-09-2012,04-09-2012,DougBickford@gmail.com,"United States,Los Angeles,California",Binders,Storex Dura Pro Binders,4.75,1.00,1.60,3,33.75,9,2012
CA-2011-129924,12-07-2011,17-07-2011,AlyssaCrouse@gmail.com,"United States,San Francisco,California",Binders,Tuff Stuff Recycled Round Ring Binders,7.71,2.00,2.80,5,36.25,7,2011
CA-2012-128167,22-06-2012,26-06-2012,KenLonsdale@gmail.com,"United States,Layton,Utah",Fasteners,"OIC Binder Clips, Mini, 1/4"" Capacity, Black",4.96,4.00,2.33,4,47,6,2012
CA-2014-169901,16-06-2014,20-06-2014,ClayCheatham@gmail.com,"United States,San Francisco,California",Phones,Anker 36W 4-Port USB Wall Charger Travel Power Adapter for iPhone 5s 5c 5,47.98,3.00,4.80,4,10,6,2014
CA-2011-123344,24-09-2011,29-09-2011,JuliaDunbar@gmail.com,"United States,San Francisco,California",Storage,"Gould Plastics 9-Pocket Panel Bin, 18-3/8w x 5-1/4d x 20-1/2h, Black",211.96,4.00,8.48,5,4,9,2011
US-2011-119137,23-07-2011,27-07-2011,ArthurGainer@gmail.com,"United States,Tucson,Arizona",Binders,Wilson Jones Custom Binder Spines & Labels,8.16,5.00,-5.71,4,-70,7,2011
CA-2013-134775,29-10-2013,30-10-2013,AlejandroSavely@gmail.com,"United States,San Francisco,California",Paper,Southworth Structures Collection,50.96,7.00,25.48,1,50,10,2013
US-2011-135972,21-09-2011,23-09-2011,JackGarza@gmail.com,"United States,Des Moines,Washington",Phones,Nortel Meridian M3904 Professional Digital phone,246.38,2.00,27.72,2,11.25,9,2011
CA-2014-102946,01-07-2014,06-07-2014,VictorPreis@gmail.com,"United States,Las Vegas,Nevada",Binders,Tuf-Vin Binders,75.79,3.00,25.58,5,33.75,7,2014
CA-2014-117457,09-12-2014,13-12-2014,KeithHerrera@gmail.com,"United States,San Francisco,California",Accessories,Sony 64GB Class 10 Micro SDHC R40 Memory Card,179.95,5.00,37.79,4,21,12,2014
CA-2014-142636,04-11-2014,08-11-2014,KimberlyCarter@gmail.com,"United States,Seattle,Washington",Paper,Xerox 191,139.86,7.00,65.73,4,47,11,2014
CA-2014-122105,25-06-2014,29-06-2014,CarolineJumper@gmail.com,"United States,Huntington Beach,California",Art,Bulldog Vacuum Base Pencil Sharpener,95.92,8.00,25.90,4,27,6,2014
CA-2013-148796,15-04-2013,19-04-2013,PhilipBrown@gmail.com,"United States,Los Angeles,California",Chairs,Bevis Steel Folding Chairs,383.80,5.00,38.38,4,10,4,2013
CA-2014-110478,05-03-2014,10-03-2014,SungPak@gmail.com,"United States,Los Angeles,California",Art,American Pencil,9.32,4.00,2.70,5,29,3,2014
CA-2011-142048,22-06-2011,25-06-2011,JoelEaton@gmail.com,"United States,Louisville,Colorado",Accessories,KeyTronic 6101 Series - Keyboard - Black,196.75,6.00,56.57,3,28.75,6,2011
US-2011-110674,13-02-2011,19-02-2011,SanjitChand@gmail.com,"United States,Concord,California",Chairs,"Global Geo Office Task Chair, Gray",129.57,2.00,-24.29,6,-18.75,2,2011
CA-2012-109638,15-12-2012,22-12-2012,JosephHolt@gmail.com,"United States,Seattle,Washington",Appliances,3M Office Air Cleaner,103.92,4.00,36.37,7,35,12,2012
CA-2013-109869,23-04-2013,30-04-2013,TanjaNorvell@gmail.com,"United States,Phoenix,Arizona",Furnishings,Eldon Wave Desk Accessories,23.56,5.00,7.07,7,30,4,2013
CA-2011-144666,09-11-2011,11-11-2011,JeremyPistek@gmail.com,"United States,San Francisco,California",Storage,SAFCO Boltless Steel Shelving,340.92,3.00,3.41,2,1,11,2011
CA-2013-103891,13-07-2013,20-07-2013,KristenHastings@gmail.com,"United States,Los Angeles,California",Phones,Cisco SPA525G2 IP Phone - Wireless,95.76,6.00,7.18,7,7.5,7,2013
CA-2011-134677,06-10-2011,10-10-2011,XylonaPreis@gmail.com,"United States,San Diego,California",Accessories,Imation USB 2.0 Swivel Flash Drive USB flash drive - 4 GB - Pink,9.09,3.00,1.91,4,21,10,2011
CA-2014-140963,11-06-2014,14-06-2014,MichelleTran@gmail.com,"United States,Los Angeles,California",Labels,Alphabetical Labels for Top Tab Filing,29.60,2.00,14.80,3,50,6,2014
CA-2013-169166,10-05-2013,15-05-2013,SoniaSunley@gmail.com,"United States,Seattle,Washington",Accessories,Sony Micro Vault Click 8 GB USB 2.0 Flash Drive,93.98,2.00,13.16,5,14,5,2013
CA-2013-126158,26-07-2013,01-08-2013,SanjitChand@gmail.com,"United States,Costa Mesa,California",Binders,Clear Mylar Reinforcing Strips,119.62,8.00,40.37,6,33.75,7,2013
US-2013-105578,31-05-2013,05-06-2013,MaribethYedwab@gmail.com,"United States,Parker,Colorado",Binders,Vinyl Sectional Post Binders,22.62,2.00,-15.08,5,-66.66666667,5,2013
CA-2014-163405,22-12-2014,26-12-2014,BradleyNguyen@gmail.com,"United States,Los Angeles,California",Art,Newell 327,6.63,3.00,1.79,4,27,12,2014
CA-2014-127432,23-01-2014,28-01-2014,AlanDominguez@gmail.com,"United States,Great Falls,Montana",Copiers,Canon Image Class D660 Copier,2999.95,5.00,1379.98,5,46,1,2014
US-2013-139486,22-05-2013,24-05-2013,LoganHaushalter@gmail.com,"United States,Los Angeles,California",Phones,Motorola HK250 Universal Bluetooth Headset,55.18,3.00,-12.41,2,-22.5,5,2013
CA-2012-102848,07-11-2012,09-11-2012,KarenBern@gmail.com,"United States,Los Angeles,California",Chairs,Safco Contoured Stacking Chairs,190.72,1.00,11.92,2,6.25,11,2012
US-2014-129441,08-09-2014,12-09-2014,JasperCacioppo@gmail.com,"United States,Los Angeles,California",Furnishings,Tenex Chairmats For Use With Carpeted Floors,47.94,3.00,2.40,4,5,9,2014
CA-2013-126613,11-07-2013,17-07-2013,AllenArmold@gmail.com,"United States,Mesa,Arizona",Storage,Sterilite Officeware Hinged File Box,16.77,2.00,1.47,6,8.75,7,2013
CA-2013-136924,15-07-2013,18-07-2013,ErinSmith@gmail.com,"United States,Tucson,Arizona",Phones,LG Electronics Tone+ HBS-730 Bluetooth Headset,380.86,8.00,38.09,3,10,7,2013
CA-2013-136406,16-04-2013,18-04-2013,BillDonatelli@gmail.com,"United States,San Francisco,California",Chairs,HON 5400 Series Task Chairs for Big and Tall,1121.57,2.00,0.00,2,0,4,2013
CA-2014-100650,30-06-2014,04-07-2014,DeanKatz@gmail.com,"United States,Anaheim,California",Storage,Tennsco 16-Compartment Lockers with Coat Rack,1295.78,2.00,310.99,4,24,6,2014
CA-2013-113243,11-06-2013,16-06-2013,OlveraToch@gmail.com,"United States,Los Angeles,California",Labels,Avery 473,20.70,2.00,9.94,5,48,6,2013
CA-2014-118731,21-11-2014,23-11-2014,LizPelletier@gmail.com,"United States,San Francisco,California",Furnishings,Coloredge Poster Frame,42.60,3.00,16.61,2,39,11,2014
CA-2012-130736,07-12-2012,09-12-2012,JeremyFarry@gmail.com,"United States,Seattle,Washington",Fasteners,"Alliance Big Bands Rubber Bands, 12/Pack",3.96,2.00,0.00,2,0,12,2012
CA-2014-137099,08-12-2014,11-12-2014,FrankPreis@gmail.com,"United States,Los Angeles,California",Phones,Cisco SPA301,374.38,3.00,46.80,3,12.5,12,2014
CA-2014-156951,02-10-2014,09-10-2014,EllisBallard@gmail.com,"United States,Seattle,Washington",Paper,Personal Creations Ink Jet Cards and Labels,91.84,8.00,45.00,7,49,10,2014
CA-2013-127250,04-11-2013,08-11-2013,SarahFoster@gmail.com,"United States,Marysville,Washington",Art,Newell 332,8.82,3.00,2.38,4,27,11,2013
CA-2012-149713,18-09-2012,22-09-2012,TrudyGlocke@gmail.com,"United States,Long Beach,California",Paper,Personal Creations Ink Jet Cards and Labels,160.72,14.00,78.75,4,49,9,2012
CA-2012-132906,10-09-2012,14-09-2012,CharlesCrestani@gmail.com,"United States,Los Angeles,California",Supplies,Martin-Yale Premier Letter Opener,51.52,4.00,1.55,4,3,9,2012
CA-2014-145233,02-12-2014,06-12-2014,DiannaVittorini@gmail.com,"United States,Denver,Colorado",Phones,GE 30524EE4,470.38,3.00,52.92,4,11.25,12,2014
US-2013-156986,21-03-2013,25-03-2013,ZuschussCarroll@gmail.com,"United States,Salem,Oregon",Phones,i.Sound Portable Power - 8000 mAh,84.78,2.00,-20.14,4,-23.75,3,2013
CA-2011-131450,08-08-2011,15-08-2011,LenaRadford@gmail.com,"United States,San Diego,California",Appliances,Fellowes Superior 10 Outlet Split Surge Protector,76.12,2.00,22.07,7,29,8,2011
CA-2014-153787,20-05-2014,24-05-2014,AnnieThurman@gmail.com,"United States,Seattle,Washington",Appliances,Belkin Premiere Surge Master II 8-outlet surge protector,97.16,2.00,28.18,4,29,5,2014
CA-2014-133431,18-12-2014,22-12-2014,LoganCurrie@gmail.com,"United States,San Francisco,California",Binders,"Acco Pressboard Covers with Storage Hooks, 9 1/2"" x 11"", Executive Red",15.24,5.00,5.14,4,33.75,12,2014
US-2013-135720,12-12-2013,14-12-2013,FredMcMath@gmail.com,"United States,Aurora,Colorado",Storage,Tennsco Regal Shelving Units,243.38,3.00,-51.72,2,-21.25,12,2013
US-2013-123470,16-08-2013,22-08-2013,MaxEngle@gmail.com,"United States,Aurora,Colorado",Binders,Premium Transparent Presentation Covers by GBC,18.88,3.00,-13.85,6,-73.33333333,8,2013
CA-2013-115917,21-05-2013,26-05-2013,RickBensley@gmail.com,"United States,Vallejo,California",Furnishings,Luxo Professional Fluorescent Magnifier Lamp with Clamp-Mount Base,1049.20,5.00,272.79,5,26,5,2013
CA-2014-167913,31-07-2014,04-08-2014,JohnLee@gmail.com,"United States,Mission Viejo,California",Storage,Economy Rollaway Files,330.40,2.00,85.90,4,26,7,2014
CA-2013-103947,02-04-2013,09-04-2013,BarryBlumstein@gmail.com,"United States,Sierra Vista,Arizona",Fasteners,Staples,31.56,5.00,9.86,7,31.25,4,2013
CA-2013-160745,12-12-2013,17-12-2013,AnthonyRawles@gmail.com,"United States,Vancouver,Washington",Furnishings,3M Hangers With Command Adhesive,14.80,4.00,6.07,5,41,12,2013
CA-2012-131534,28-03-2012,02-04-2012,AlanBarnes@gmail.com,"United States,Los Angeles,California",Accessories,Imation Bio 8GB USB Flash Drive Imation Corp,166.24,1.00,24.94,5,15,3,2012
CA-2013-163755,05-11-2013,09-11-2013,AlejandroSavely@gmail.com,"United States,Seattle,Washington",Furnishings,"Tenex ""The Solids"" Textured Chair Mats",209.88,3.00,35.68,4,17,11,2013
CA-2012-142027,09-04-2012,14-04-2012,JayKimmel@gmail.com,"United States,Long Beach,California",Tables,Laminate Occasional Tables,369.91,3.00,-13.87,5,-3.75,4,2012
CA-2011-153150,01-07-2011,06-07-2011,Dorrisliebe@gmail.com,"United States,Seattle,Washington",Binders,Cardinal Holdit Business Card Pockets,19.92,5.00,6.97,5,35,7,2011
CA-2011-104472,02-06-2011,07-06-2011,ChristineKargatis@gmail.com,"United States,Orem,Utah",Binders,GBC Standard Therm-A-Bind Covers,59.81,3.00,19.44,5,32.5,6,2011
CA-2013-112942,13-02-2013,18-02-2013,RossDeVincentis@gmail.com,"United States,Los Angeles,California",Paper,Tops Green Bar Computer Printout Paper,146.82,3.00,73.41,5,50,2,2013
CA-2014-131954,22-01-2014,26-01-2014,DarrinSayre@gmail.com,"United States,Seattle,Washington",Storage,Carina Double Wide Media Storage Towers in Natural & Black,242.94,3.00,9.72,4,4,1,2014
CA-2011-132500,08-09-2011,12-09-2011,GaryZandusky@gmail.com,"United States,San Francisco,California",Accessories,Logitech Wireless Touch Keyboard K400,49.98,2.00,8.50,4,17,9,2011
CA-2011-124429,27-05-2011,27-05-2011,MayaHerman@gmail.com,"United States,San Diego,California",Tables,KI Conference Tables,567.12,10.00,-28.36,0,-5,5,2011
CA-2013-110499,08-04-2013,10-04-2013,YosephCarroll@gmail.com,"United States,San Francisco,California",Copiers,Hewlett Packard 610 Color Digital Copier / Printer,1199.98,3.00,374.99,2,31.25,4,2013
CA-2012-135272,07-12-2012,12-12-2012,MelanieSeite@gmail.com,"United States,Los Angeles,California",Furnishings,12-1/2 Diameter Round Wall Clock,79.92,4.00,28.77,5,36,12,2012
CA-2012-112319,31-08-2012,05-09-2012,AndrewRoberts@gmail.com,"United States,Los Angeles,California",Paper,Xerox 226,58.32,9.00,27.99,5,48,8,2012
CA-2012-144267,21-08-2012,23-08-2012,NickZandusky@gmail.com,"United States,San Francisco,California",Chairs,Hon GuestStacker Chair,544.01,3.00,40.80,2,7.5,8,2012
CA-2014-129567,18-03-2014,22-03-2014,ClayLudtke@gmail.com,"United States,Lancaster,California",Binders,Heavy-Duty E-Z-D Binders,17.46,2.00,5.89,4,33.75,3,2014
CA-2012-154620,12-12-2012,16-12-2012,LizThompson@gmail.com,"United States,Lancaster,California",Chairs,"Lifetime Advantage Folding Chairs, 4/Carton",348.93,2.00,34.89,4,10,12,2012
CA-2011-156433,20-09-2011,26-09-2011,EricaSmith@gmail.com,"United States,San Francisco,California",Labels,Avery 499,9.96,2.00,4.58,6,46,9,2011
CA-2012-101910,27-11-2012,03-12-2012,CarlosDaly@gmail.com,"United States,Lake Elsinore,California",Chairs,"Situations Contoured Folding Chairs, 4/Set",283.92,5.00,17.75,6,6.25,11,2012
CA-2014-105809,21-02-2014,24-02-2014,HelenWasserman@gmail.com,"United States,San Diego,California",Furnishings,"Executive Impressions 14"" Contract Wall Clock",22.23,1.00,7.34,3,33,2,2014
CA-2014-135783,23-04-2014,25-04-2014,GaryMcGarr@gmail.com,"United States,San Francisco,California",Furnishings,"Eldon Stackable Tray, Side-Load, Legal, Smoke",18.28,2.00,6.22,2,34,4,2014
CA-2011-134313,01-11-2011,07-11-2011,RussellApplegate@gmail.com,"United States,Denver,Colorado",Art,Model L Table or Wall-Mount Pencil Sharpener,43.18,3.00,4.32,6,10,11,2011
CA-2011-151995,13-10-2011,15-10-2011,ZuschussCarroll@gmail.com,"United States,Edmonds,Washington",Art,Newell 32,11.52,4.00,3.23,2,28,10,2011
CA-2014-143686,15-05-2014,15-05-2014,PaulineJohnson@gmail.com,"United States,Santa Ana,California",Furnishings,"Eldon Stackable Tray, Side-Load, Legal, Smoke",18.28,2.00,6.22,0,34,5,2014
US-2011-102071,09-05-2011,15-05-2011,PatrickGardner@gmail.com,"United States,San Francisco,California",Accessories,Kingston Digital DataTraveler 32GB USB 2.0,67.80,4.00,4.07,6,6,5,2011
CA-2013-161669,08-11-2013,10-11-2013,EudokiaMartin@gmail.com,"United States,Los Angeles,California",Binders,Fellowes Binding Cases,37.44,4.00,11.70,2,31.25,11,2013
CA-2013-152534,21-06-2013,26-06-2013,DavePoirier@gmail.com,"United States,Salinas,California",Art,DIXON Oriole Pencils,5.16,2.00,1.34,5,26,6,2013
CA-2011-133851,09-06-2011,16-06-2011,ChuckMagee@gmail.com,"United States,San Francisco,California",Supplies,Staples,7.36,2.00,0.15,7,2,6,2011
US-2014-123463,24-12-2014,24-12-2014,GaryZandusky@gmail.com,"United States,San Francisco,California",Art,"Binney & Smith Crayola Metallic Crayons, 16-Color Pack",13.48,4.00,5.93,0,44,12,2014
CA-2012-143602,25-04-2012,28-04-2012,JillStevenson@gmail.com,"United States,Los Angeles,California",Binders,Fellowes Black Plastic Comb Bindings,13.94,3.00,4.53,3,32.5,4,2012
CA-2014-115364,27-06-2014,03-07-2014,OlveraToch@gmail.com,"United States,San Diego,California",Storage,Eldon Shelf Savers Cubes and Bins,83.76,12.00,1.68,6,2,6,2014
CA-2011-104976,09-12-2011,16-12-2011,CymaKinney@gmail.com,"United States,San Francisco,California",Paper,Xerox 1987,34.68,6.00,16.99,7,49,12,2011
CA-2013-105494,11-11-2013,13-11-2013,PamelaCoakley@gmail.com,"United States,San Francisco,California",Storage,File Shuttle I and Handi-File,155.82,7.00,42.07,2,27,11,2013
CA-2013-130477,09-04-2013,13-04-2013,LoganCurrie@gmail.com,"United States,Los Angeles,California",Paper,Xerox 1923,20.04,3.00,9.62,4,48,4,2013
US-2014-111745,06-11-2014,07-11-2014,RubenAusman@gmail.com,"United States,Farmington,New Mexico",Accessories,NETGEAR AC1750 Dual Band Gigabit Smart WiFi Router,159.99,1.00,54.40,1,34,11,2014
CA-2012-148250,13-12-2012,17-12-2012,RachelPayne@gmail.com,"United States,Riverside,California",Paper,Xerox 213,12.96,2.00,6.22,4,48,12,2012
CA-2013-105760,20-06-2013,21-06-2013,KarenCarlisle@gmail.com,"United States,San Francisco,California",Paper,"Message Book, Standard Line ""While You Were Out"", 5 1/2"" X 4"", 200 Sets/Book",17.12,2.00,8.05,1,47,6,2013
CA-2013-142958,14-12-2013,21-12-2013,RobWilliams@gmail.com,"United States,Torrance,California",Binders,"Acco Pressboard Covers with Storage Hooks, 14 7/8"" x 11"", Dark Blue",6.10,2.00,2.21,7,36.25,12,2013
CA-2012-120880,29-05-2012,03-06-2012,JohnLucas@gmail.com,"United States,Seattle,Washington",Paper,Xerox 1894,32.40,5.00,15.55,5,48,5,2012
US-2012-140200,26-07-2012,28-07-2012,CynthiaArntzen@gmail.com,"United States,Mesa,Arizona",Tables,Bevis Boat-Shaped Conference Table,393.17,3.00,-204.45,2,-52,7,2012
CA-2014-102414,16-05-2014,19-05-2014,JosephAirdo@gmail.com,"United States,Phoenix,Arizona",Phones,"Logitech B530 USB Headset - headset - Full size, Binaural",29.59,1.00,2.59,3,8.75,5,2014
CA-2012-112571,22-09-2012,22-09-2012,DanielLacy@gmail.com,"United States,Oceanside,California",Furnishings,Luxo Professional Combination Clamp-On Lamps,204.60,2.00,53.20,0,26,9,2012
CA-2014-152142,15-11-2014,20-11-2014,LindsayWilliams@gmail.com,"United States,San Francisco,California",Chairs,"Global Leather Highback Executive Chair with Pneumatic Height Adjustment, Black",321.57,2.00,28.14,5,8.75,11,2014
CA-2013-120859,02-09-2013,05-09-2013,CynthiaVoltz@gmail.com,"United States,San Francisco,California",Envelopes,"White Business Envelopes with Contemporary Seam, Recycled White Business Envelopes",21.88,2.00,10.94,3,50,9,2013
US-2014-100209,10-07-2014,16-07-2014,TamaraDahlen@gmail.com,"United States,Portland,Oregon",Binders,Wilson Jones Easy Flow II Sheet Lifters,1.08,2.00,-0.79,6,-73.33333333,7,2014
CA-2011-163419,11-11-2011,14-11-2011,TracyZic@gmail.com,"United States,Louisville,Colorado",Art,"BIC Brite Liner Grip Highlighters, Assorted, 5/Pack",3.39,1.00,0.81,3,23.75,11,2011
CA-2013-105585,27-08-2013,28-08-2013,RolandFjeld@gmail.com,"United States,San Jose,California",Fasteners,Advantus SlideClip Paper Clips,10.23,3.00,4.91,1,48,8,2013
CA-2013-155488,14-11-2013,18-11-2013,FrankMerwin@gmail.com,"United States,Vancouver,Washington",Art,Boston 16801 Nautilus Battery Pencil Sharpener,44.02,2.00,11.45,4,26,11,2013
CA-2012-126445,27-08-2012,31-08-2012,RyanAkin@gmail.com,"United States,Murrieta,California",Storage,Fellowes Super Stor/Drawer Files,484.65,3.00,92.08,4,19,8,2012
CA-2012-105312,06-11-2012,09-11-2012,MegTillman@gmail.com,"United States,Scottsdale,Arizona",Envelopes,"Redi-Strip #10 Envelopes, 4 1/8 x 9 1/2",7.08,3.00,2.48,3,35,11,2012
CA-2011-158540,24-11-2011,26-11-2011,VivekGonzalez@gmail.com,"United States,San Diego,California",Furnishings,"Eldon Delta Triangular Chair Mat, 52"" x 58"", Clear",151.72,4.00,27.31,2,18,11,2011
CA-2014-118437,18-06-2014,22-06-2014,PhilipFox@gmail.com,"United States,Olympia,Washington",Furnishings,"Howard Miller 13-3/4"" Diameter Brushed Chrome Round Wall Clock",155.25,3.00,46.58,4,30,6,2014
US-2012-126214,21-12-2012,24-12-2012,JohnStevenson@gmail.com,"United States,Seattle,Washington",Tables,Bevis 36 x 72 Conference Tables,1618.37,13.00,356.04,3,22,12,2012
CA-2012-133025,17-09-2012,19-09-2012,MegO'Connel@gmail.com,"United States,Los Angeles,California",Paper,Xerox 216,32.40,5.00,15.55,2,48,9,2012
CA-2014-106964,18-12-2014,21-12-2014,HallieRedmond@gmail.com,"United States,Los Angeles,California",Binders,GBC Plastic Binding Combs,11.81,2.00,4.28,3,36.25,12,2014
CA-2012-127418,13-06-2012,14-06-2012,JenniferJackson@gmail.com,"United States,Los Angeles,California",Binders,Aluminum Screw Posts,36.62,3.00,13.73,1,37.5,6,2012
CA-2011-139192,27-05-2011,01-06-2011,LenaCreighton@gmail.com,"United States,San Francisco,California",Phones,Plantronics HL10 Handset Lifter,1113.50,12.00,125.27,5,11.25,5,2011
CA-2014-167150,11-12-2014,18-12-2014,BenPeterman@gmail.com,"United States,San Diego,California",Binders,Avery Hole Reinforcements,19.94,4.00,7.23,7,36.25,12,2014
CA-2013-157686,02-10-2013,03-10-2013,BrianDeCherney@gmail.com,"United States,San Francisco,California",Chairs,"Global Value Mid-Back Manager's Chair, Gray",194.85,4.00,12.18,1,6.25,10,2013
CA-2012-144652,20-11-2012,26-11-2012,SkyeNorling@gmail.com,"United States,Los Angeles,California",Art,Newell 333,19.46,7.00,5.06,6,26,11,2012
CA-2013-152814,29-04-2013,03-05-2013,EricaHernandez@gmail.com,"United States,Denver,Colorado",Paper,Xerox 1881,29.47,3.00,9.95,4,33.75,4,2013
CA-2013-134348,13-11-2013,20-11-2013,MauriceSatty@gmail.com,"United States,Mesa,Arizona",Binders,Avery Durable Slant Ring Binders With Label Holder,6.27,5.00,-4.60,7,-73.33333333,11,2013
CA-2014-132521,24-09-2014,26-09-2014,DonWeiss@gmail.com,"United States,Seattle,Washington",Appliances,Belkin 8 Outlet SurgeMaster II Gold Surge Protector,119.96,2.00,33.59,2,28,9,2014
CA-2013-166163,16-08-2013,21-08-2013,CraigYedwab@gmail.com,"United States,Oakland,California",Phones,Nokia Lumia 521 (T-Mobile),71.98,3.00,7.20,5,10,8,2013
CA-2012-143490,06-12-2012,13-12-2012,NaresjPatel@gmail.com,"United States,San Diego,California",Art,Stanley Contemporary Battery Pencil Sharpeners,120.15,9.00,33.64,7,28,12,2012
CA-2011-159338,25-06-2011,28-06-2011,NoelStaavos@gmail.com,"United States,Los Angeles,California",Tables,Hon 4060 Series Tables,447.84,5.00,11.20,3,2.5,6,2011
CA-2013-107216,15-06-2013,18-06-2013,PaulVanHugh@gmail.com,"United States,San Francisco,California",Art,Newell 326,7.04,4.00,2.04,3,29,6,2013
CA-2013-112340,22-10-2013,28-10-2013,NeomaMurray@gmail.com,"United States,Riverside,California",Paper,"Rediform Wirebound ""Phone Memo"" Message Book, 11 x 5-3/4",22.92,3.00,11.23,6,49,10,2013
CA-2014-140585,19-12-2014,24-12-2014,RussellApplegate@gmail.com,"United States,Encinitas,California",Binders,Binding Machine Supplies,46.67,2.00,16.34,5,35,12,2014
CA-2013-144855,23-07-2013,25-07-2013,DionisLloyd@gmail.com,"United States,San Francisco,California",Labels,Self-Adhesive Removable Labels,6.30,2.00,3.02,2,48,7,2013
US-2013-114776,07-12-2013,08-12-2013,GregGuthrie@gmail.com,"United States,Antioch,California",Paper,Xerox 216,19.44,3.00,9.33,1,48,12,2013
CA-2011-146969,29-09-2011,03-10-2011,ArthurPrichep@gmail.com,"United States,Los Angeles,California",Furnishings,Luxo Professional Combination Clamp-On Lamps,204.60,2.00,53.20,4,26,9,2011
CA-2014-160395,01-01-2014,07-01-2014,KellyLampkin@gmail.com,"United States,Reno,Nevada",Art,"Crayola Anti Dust Chalk, 12/Pack",3.64,2.00,1.64,6,45,1,2014
CA-2013-149314,03-07-2013,08-07-2013,GeorgeBell@gmail.com,"United States,Los Angeles,California",Chairs,Hon Deluxe Fabric Upholstered Stacking Chairs,195.18,1.00,19.52,5,10,7,2013
CA-2011-126522,01-09-2011,05-09-2011,LarryTron@gmail.com,"United States,Escondido,California",Art,"BOSTON Model 1800 Electric Pencil Sharpeners, Putty/Woodgrain",53.94,3.00,15.64,4,29,9,2011
CA-2012-125416,02-11-2012,02-11-2012,KellyCollister@gmail.com,"United States,Seattle,Washington",Accessories,Logitech K350 2.4Ghz Wireless Keyboard,447.93,9.00,49.27,0,11,11,2012
CA-2011-158064,21-04-2011,25-04-2011,AllenArmold@gmail.com,"United States,Los Angeles,California",Binders,ACCOHIDE Binder by Acco,16.52,5.00,5.58,4,33.75,4,2011
CA-2011-120243,27-12-2011,30-12-2011,AlyssaTate@gmail.com,"United States,Los Angeles,California",Labels,Staples,11.56,4.00,5.43,3,47,12,2011
CA-2011-127131,24-11-2011,30-11-2011,HaroldRyan@gmail.com,"United States,Seattle,Washington",Binders,Peel & Stick Add-On Corner Pockets,12.10,7.00,4.23,6,35,11,2011
CA-2014-117212,27-02-2014,01-03-2014,BradleyTalbott@gmail.com,"United States,Los Angeles,California",Appliances,Kensington 6 Outlet Guardian Standard Surge Protector,81.92,4.00,22.12,2,27,2,2014
CA-2013-114727,19-07-2013,25-07-2013,LindaSouthworth@gmail.com,"United States,Denver,Colorado",Chairs,Hon GuestStacker Chair,544.01,3.00,40.80,6,7.5,7,2013
CA-2011-110184,12-07-2011,16-07-2011,BenFerrer@gmail.com,"United States,Los Angeles,California",Storage,Fellowes Super Stor/Drawer,249.75,9.00,44.96,4,18,7,2011
CA-2014-100013,07-11-2014,12-11-2014,ZuschussCarroll@gmail.com,"United States,Los Angeles,California",Envelopes,"#10- 4 1/8"" x 9 1/2"" Security-Tint Envelopes",15.28,2.00,7.49,5,49,11,2014
CA-2011-127012,11-08-2011,15-08-2011,GregMatthias@gmail.com,"United States,Seattle,Washington",Furnishings,"Eldon Image Series Desk Accessories, Ebony",12.35,1.00,5.43,4,44,8,2011
CA-2011-168494,12-12-2011,14-12-2011,NoraPreis@gmail.com,"United States,Fresno,California",Tables,Hon Non-Folding Utility Tables,764.69,6.00,95.59,2,12.5,12,2011
CA-2014-110380,03-09-2014,08-09-2014,PhillipFlathmann@gmail.com,"United States,San Francisco,California",Art,Pencil and Crayon Sharpener,6.57,3.00,1.77,5,27,9,2014
US-2011-167738,24-12-2011,29-12-2011,JulieCreighton@gmail.com,"United States,Los Angeles,California",Storage,Letter Size Cart,142.86,1.00,41.43,5,29,12,2011
CA-2014-121412,24-09-2014,28-09-2014,BrookeGillingham@gmail.com,"United States,Louisville,Colorado",Furnishings,Aluminum Document Frame,29.33,3.00,3.67,4,12.5,9,2014
CA-2013-163384,11-11-2013,13-11-2013,ChuckClark@gmail.com,"United States,San Francisco,California",Binders,"ACCOHIDE 3-Ring Binder, Blue, 1""",13.22,4.00,4.46,2,33.75,11,2013
CA-2012-101707,27-08-2012,01-09-2012,PhilipFox@gmail.com,"United States,San Diego,California",Supplies,Fiskars Softgrip Scissors,32.94,3.00,9.22,5,28,8,2012
CA-2012-138898,25-05-2012,29-05-2012,JustinHirsh@gmail.com,"United States,Pueblo,Colorado",Appliances,Kensington 4 Outlet MasterPiece Compact Power Control Center,845.73,13.00,84.57,4,10,5,2012
CA-2014-115427,31-12-2014,04-01-2015,EricaBern@gmail.com,"United States,Fairfield,California",Binders,"Cardinal Slant-D Ring Binder, Heavy Gauge Vinyl",13.90,2.00,4.52,4,32.5,12,2014
CA-2012-121391,04-10-2012,07-10-2012,AlexAvila@gmail.com,"United States,San Francisco,California",Storage,"Tenex Personal Project File with Scoop Front Design, Black",26.96,2.00,7.01,3,26,10,2012
CA-2013-141397,21-06-2013,22-06-2013,RoyCollins@gmail.com,"United States,Pasadena,California",Paper,Xerox 1898,46.76,7.00,22.44,1,48,6,2013
CA-2013-145919,19-12-2013,24-12-2013,HenryGoldwyn@gmail.com,"United States,Los Angeles,California",Paper,"Eureka Recycled Copy Paper 8 1/2"" x 11"", Ream",38.88,6.00,18.66,5,48,12,2013
CA-2014-106033,16-10-2014,19-10-2014,FrankGastineau@gmail.com,"United States,San Francisco,California",Art,Panasonic KP-310 Heavy-Duty Electric Pencil Sharpener,87.92,4.00,26.38,3,30,10,2014
CA-2013-142762,24-05-2013,28-05-2013,LisaDeCherney@gmail.com,"United States,San Francisco,California",Furnishings,"Eldon Image Series Desk Accessories, Ebony",37.05,3.00,16.30,4,44,5,2013
CA-2011-121664,06-05-2011,10-05-2011,HaroldPawlan@gmail.com,"United States,Los Angeles,California",Binders,Wilson Jones Legal Size Ring Binders,140.74,8.00,52.78,4,37.5,5,2011
US-2014-123281,03-04-2014,08-04-2014,JamieFrazer@gmail.com,"United States,Los Angeles,California",Furnishings,Westinghouse Clip-On Gooseneck Lamps,25.11,3.00,6.53,5,26,4,2014
CA-2014-162978,05-05-2014,10-05-2014,LindsayWilliams@gmail.com,"United States,San Francisco,California",Phones,Motorola L804,183.96,5.00,20.70,5,11.25,5,2014
US-2011-151925,26-09-2011,01-10-2011,KeanTakahito@gmail.com,"United States,Los Angeles,California",Chairs,"Leather Task Chair, Black",145.57,2.00,0.00,5,0,9,2011
US-2014-155425,11-11-2014,12-11-2014,AnnBlume@gmail.com,"United States,Tucson,Arizona",Binders,Cardinal EasyOpen D-Ring Binders,38.39,14.00,-25.59,1,-66.66666667,11,2014
CA-2014-133249,09-07-2014,12-07-2014,SamZeldin@gmail.com,"United States,Pico Rivera,California",Furnishings,"Deflect-o SuperTray Unbreakable Stackable Tray, Letter, Black",145.90,5.00,62.74,3,43,7,2014
US-2012-103471,24-12-2012,28-12-2012,JimRadford@gmail.com,"United States,Colorado Springs,Colorado",Bookcases,"Atlantic Metals Mobile 4-Shelf Bookcases, Custom Colors",590.06,7.00,-786.74,4,-133.3333333,12,2012
US-2011-157021,01-04-2011,06-04-2011,KunstMiller@gmail.com,"United States,Vallejo,California",Labels,Avery 490,29.60,2.00,14.80,5,50,4,2011
CA-2012-120362,14-09-2012,19-09-2012,ChristinaAnderson@gmail.com,"United States,Provo,Utah",Tables,"Lesro Round Back Collection Coffee Table, End Table",912.75,5.00,118.66,5,13,9,2012
CA-2011-126361,04-08-2011,09-08-2011,ValerieDominguez@gmail.com,"United States,Pleasant Grove,Utah",Appliances,Hoover WindTunnel Plus Canister Vacuum,1089.75,3.00,305.13,5,28,8,2011
US-2013-122245,26-09-2013,01-10-2013,AdrianBarton@gmail.com,"United States,Phoenix,Arizona",Tables,Bevis Boat-Shaped Conference Table,393.17,3.00,-204.45,5,-52,9,2013
CA-2014-115994,29-01-2014,01-02-2014,BethThompson@gmail.com,"United States,Costa Mesa,California",Accessories,Logitech G13 Programmable Gameboard with LCD Display,239.97,3.00,26.40,3,11,1,2014
CA-2012-124800,26-09-2012,30-09-2012,RickWilson@gmail.com,"United States,Mesa,Arizona",Paper,Petty Cash Envelope,86.27,4.00,31.27,4,36.25,9,2012
US-2012-164448,31-10-2012,04-11-2012,DamalaKotsonis@gmail.com,"United States,Salinas,California",Binders,Prestige Round Ring Binders,9.73,2.00,3.28,4,33.75,10,2012
US-2013-153129,27-12-2013,31-12-2013,FrankPreis@gmail.com,"United States,Seattle,Washington",Paper,Strathmore Photo Mount Cards,33.90,5.00,15.59,4,46,12,2013
CA-2014-128160,20-12-2014,25-12-2014,MichaelMoore@gmail.com,"United States,San Francisco,California",Binders,Deluxe Heavy-Duty Vinyl Round Ring Binder,36.67,2.00,11.46,5,31.25,12,2014
CA-2012-166135,01-10-2012,06-10-2012,ShaunChance@gmail.com,"United States,Aurora,Colorado",Storage,"Trav-L-File Heavy-Duty Shuttle II, Black",139.42,4.00,17.43,5,12.5,10,2012
CA-2012-145821,01-05-2012,07-05-2012,JenniferBraxton@gmail.com,"United States,Los Angeles,California",Phones,OtterBox Defender Series Case - iPhone 5c,88.75,3.00,11.09,6,12.5,5,2012
US-2012-160150,19-07-2012,20-07-2012,ThaisSissman@gmail.com,"United States,Phoenix,Arizona",Binders,Wilson Jones DublLock D-Ring Binders,2.03,1.00,-1.35,1,-66.66666667,7,2012
CA-2012-119907,01-12-2012,08-12-2012,LoganCurrie@gmail.com,"United States,Seattle,Washington",Binders,Wilson Jones Heavy-Duty Casebound Ring Binders with Metal Hinges,55.42,2.00,19.40,7,35,12,2012
CA-2011-151708,08-08-2011,14-08-2011,MariaBertelson@gmail.com,"United States,Glendale,Arizona",Furnishings,"Eldon Delta Triangular Chair Mat, 52"" x 58"", Clear",121.38,4.00,-3.03,6,-2.5,8,2011
CA-2014-164959,12-07-2014,16-07-2014,KatherineNockton@gmail.com,"United States,Los Angeles,California",Labels,Avery 482,8.67,3.00,4.07,4,47,7,2014
CA-2014-121468,20-11-2014,21-11-2014,KatherineDucich@gmail.com,"United States,Westminster,California",Phones,Square Credit Card Reader,31.97,4.00,2.40,1,7.5,11,2014
US-2013-108455,03-12-2013,09-12-2013,MikeKennedy@gmail.com,"United States,San Francisco,California",Paper,Xerox 192,25.92,4.00,12.44,6,48,12,2013
US-2013-108098,15-10-2013,19-10-2013,ChristinePhan@gmail.com,"United States,Seattle,Washington",Accessories,WD My Passport Ultra 500GB Portable External Hard Drive,177.00,3.00,30.09,4,17,10,2013
CA-2012-140410,03-11-2012,07-11-2012,CorinnaMitchell@gmail.com,"United States,Los Angeles,California",Phones,Cisco IP Phone 7961G-GE VoIP phone,1212.85,7.00,106.12,4,8.75,11,2012
CA-2014-139661,31-10-2014,04-11-2014,JaneWaco@gmail.com,"United States,Vancouver,Washington",Furnishings,Magna Visual Magnetic Picture Hangers,9.64,2.00,3.66,4,38,10,2014
CA-2013-141586,18-10-2013,21-10-2013,NeilKnudson@gmail.com,"United States,San Francisco,California",Binders,"Avery Durable Plastic 1"" Binders",18.16,5.00,6.58,3,36.25,10,2013
CA-2013-100468,25-11-2013,02-12-2013,AlyssaTate@gmail.com,"United States,Los Angeles,California",Phones,"iKross Bluetooth Portable Keyboard + Cell Phone Stand Holder + Brush for Apple iPhone 5S 5C 5, 4S 4",33.52,2.00,3.35,7,10,11,2013
CA-2012-153388,01-08-2012,07-08-2012,PaulineChand@gmail.com,"United States,Los Angeles,California",Art,Prang Dustless Chalk Sticks,6.72,4.00,3.36,6,50,8,2012
CA-2014-103611,13-09-2014,16-09-2014,JessicaMyrick@gmail.com,"United States,Los Angeles,California",Furnishings,"Eldon Image Series Desk Accessories, Burgundy",8.36,2.00,3.01,3,36,9,2014
CA-2014-100384,25-06-2014,02-07-2014,NicoleHansen@gmail.com,"United States,Pomona,California",Art,Boston Heavy-Duty Trimline Electric Pencil Sharpeners,385.60,8.00,111.82,7,29,6,2014
CA-2014-148446,11-12-2014,15-12-2014,MichaelChen@gmail.com,"United States,North Las Vegas,Nevada",Tables,Bretford Just In Time Height-Adjustable Multi-Task Work Tables,1669.60,4.00,116.87,4,7,12,2014
CA-2011-111059,04-02-2011,07-02-2011,TomBoeckenhauer@gmail.com,"United States,Seattle,Washington",Binders,Ibico Laser Imprintable Binding System Covers,83.84,2.00,27.25,3,32.5,2,2011
CA-2014-116204,12-02-2014,15-02-2014,VictoriaWilson@gmail.com,"United States,San Francisco,California",Binders,"Acco Pressboard Covers with Storage Hooks, 14 7/8"" x 11"", Dark Blue",21.34,7.00,7.73,3,36.25,2,2014
CA-2012-144806,06-12-2012,11-12-2012,GaryHwang@gmail.com,"United States,Tucson,Arizona",Furnishings,"Howard Miller 13"" Diameter Pewter Finish Round Wall Clock",206.11,6.00,48.95,5,23.75,12,2012
CA-2014-159884,01-09-2014,06-09-2014,JeremyFarry@gmail.com,"United States,Tempe,Arizona",Storage,"Neat Ideas Personal Hanging Folder Files, Black",10.74,1.00,0.81,5,7.5,9,2014
CA-2014-124086,11-02-2014,15-02-2014,MikePelletier@gmail.com,"United States,Laguna Niguel,California",Bookcases,"Bush Andora Bookcase, Maple/Graphite Gray Finish",203.98,2.00,16.80,4,8.235294118,2,2014
CA-2011-107181,05-02-2011,09-02-2011,DeborahBrumfield@gmail.com,"United States,San Diego,California",Binders,GBC Recycled Grain Textured Covers,82.90,3.00,29.01,4,35,2,2011
CA-2013-159345,18-06-2013,23-06-2013,IvanGibson@gmail.com,"United States,San Diego,California",Paper,Xerox 1934,111.96,2.00,54.86,5,49,6,2013
CA-2012-111507,06-02-2012,13-02-2012,VictoriaWilson@gmail.com,"United States,Bellevue,Washington",Art,Newell 310,5.28,3.00,1.53,7,29,2,2012
CA-2012-112116,16-03-2012,18-03-2012,JeremyEllison@gmail.com,"United States,Seattle,Washington",Tables,KI Adjustable-Height Table,171.96,2.00,44.71,2,26,3,2012
CA-2013-126809,10-04-2013,14-04-2013,EdwardBecker@gmail.com,"United States,Seattle,Washington",Binders,"Acco Pressboard Covers with Storage Hooks, 14 7/8"" x 11"", Light Blue",35.35,9.00,12.82,4,36.25,4,2013
CA-2011-105172,04-04-2011,09-04-2011,PaulKnutson@gmail.com,"United States,San Francisco,California",Labels,Avery 518,18.90,6.00,9.07,5,48,4,2011
CA-2014-107293,06-09-2014,07-09-2014,ChristopherSchild@gmail.com,"United States,Seattle,Washington",Art,Newell 333,2.78,1.00,0.72,1,26,9,2014
CA-2012-132101,19-03-2012,25-03-2012,JesusOcampo@gmail.com,"United States,Seattle,Washington",Phones,Wireless Extenders zBoost YX545 SOHO Signal Booster,453.58,3.00,39.69,6,8.75,3,2012
US-2014-152002,12-06-2014,12-06-2014,DiannaVittorini@gmail.com,"United States,Los Angeles,California",Paper,"White Dual Perf Computer Printout Paper, 2700 Sheets, 1 Part, Heavyweight, 20 lbs., 14 7/8 x 11",122.97,3.00,60.26,0,49,6,2014
US-2011-157385,23-11-2011,25-11-2011,SanjitChand@gmail.com,"United States,Los Angeles,California",Chairs,Novimex Swivel Fabric Task Chair,603.92,5.00,-67.94,2,-11.25,11,2011
CA-2012-122826,23-06-2012,25-06-2012,RickDuston@gmail.com,"United States,Olympia,Washington",Phones,Pyle PRT45 Retro Home Telephone,201.57,4.00,22.68,2,11.25,6,2012
CA-2011-117317,19-10-2011,19-10-2011,JeremyFarry@gmail.com,"United States,Los Angeles,California",Paper,Spiral Phone Message Books with Labels by Adams,13.44,3.00,6.59,0,49,10,2011
US-2013-115819,20-04-2013,25-04-2013,JasO'Carroll@gmail.com,"United States,Los Angeles,California",Phones,PowerGen Dual USB Car Charger,39.96,5.00,12.99,5,32.5,4,2013
CA-2011-156349,26-05-2011,30-05-2011,MarinaLichtenstein@gmail.com,"United States,Los Angeles,California",Bookcases,Sauder Inglewood Library Bookcases,290.67,2.00,27.36,4,9.411764706,5,2011
CA-2014-138380,22-12-2014,26-12-2014,YanaSorensen@gmail.com,"United States,Oakland,California",Storage,Letter Size Cart,1000.02,7.00,290.01,4,29,12,2014
CA-2014-108560,09-07-2014,16-07-2014,JennaCaffey@gmail.com,"United States,Kent,Washington",Furnishings,"GE 48"" Fluorescent Tube, Cool White Energy Saver, 34 Watts, 30/Box",198.46,2.00,99.23,7,50,7,2014
CA-2012-157084,19-12-2012,24-12-2012,JamesGalang@gmail.com,"United States,Los Angeles,California",Phones,ShoreTel ShorePhone IP 230 VoIP phone,675.96,5.00,84.50,5,12.5,12,2012
CA-2011-168984,26-11-2011,02-12-2011,NatalieWebber@gmail.com,"United States,Tigard,Oregon",Paper,Xerox 2,15.55,3.00,5.44,6,35,11,2011
CA-2012-111829,19-03-2012,20-03-2012,FredHopkins@gmail.com,"United States,Seattle,Washington",Storage,Deluxe Rollaway Locking File with Drawer,1247.64,3.00,349.34,1,28,3,2012
CA-2011-135699,29-08-2011,29-08-2011,HilaryHolden@gmail.com,"United States,San Francisco,California",Paper,Xerox 1940,109.92,2.00,53.86,0,49,8,2011
US-2014-132444,19-11-2014,22-11-2014,ChristinaDeMoss@gmail.com,"United States,Seattle,Washington",Storage,Eldon Portable Mobile Manager,169.68,6.00,45.81,3,27,11,2014
CA-2014-161809,21-01-2014,27-01-2014,TheaHendricks@gmail.com,"United States,Los Angeles,California",Phones,RCA Visys Integrated PBX 8-Line Router,160.78,3.00,10.05,6,6.25,1,2014
CA-2014-127285,31-10-2014,07-11-2014,MichelleMoray@gmail.com,"United States,Seattle,Washington",Binders,"GBC Velobind Prepunched Cover Sets, Regency Series",88.75,3.00,27.74,7,31.25,10,2014
CA-2013-107615,23-03-2013,26-03-2013,RobertBarroso@gmail.com,"United States,North Las Vegas,Nevada",Accessories,Logitech ClearChat Comfort/USB Headset H390,58.58,2.00,19.33,3,33,3,2013
CA-2013-122728,19-05-2013,25-05-2013,EricBarreto@gmail.com,"United States,San Francisco,California",Storage,Home/Office Personal File Carts,104.28,3.00,26.07,6,25,5,2013
US-2013-101497,30-09-2013,02-10-2013,PamelaStobb@gmail.com,"United States,Los Angeles,California",Paper,Xerox 1887,18.97,1.00,9.11,2,48,9,2013
CA-2013-147585,08-11-2013,13-11-2013,ClaudiaBergmann@gmail.com,"United States,San Francisco,California",Furnishings,"C-Line Magnetic Cubicle Keepers, Clear Polypropylene",14.82,3.00,6.22,5,42,11,2013
CA-2012-148376,27-12-2012,31-12-2012,ArthurGainer@gmail.com,"United States,Los Angeles,California",Appliances,Belkin F9G930V10-GRY 9 Outlet Surge,106.96,2.00,31.02,4,29,12,2012
CA-2011-135657,03-06-2011,07-06-2011,StevenCartwright@gmail.com,"United States,Seattle,Washington",Tables,KI Adjustable-Height Table,515.88,6.00,113.49,4,22,6,2011
CA-2011-139857,03-02-2011,07-02-2011,CynthiaDelaney@gmail.com,"United States,San Diego,California",Fasteners,Staples,12.35,5.00,5.80,4,47,2,2011
CA-2013-106306,09-03-2013,09-03-2013,PatrickGardner@gmail.com,"United States,Glendale,Arizona",Binders,"GBC Standard Recycled Report Covers, Clear Plastic Sheets",9.70,3.00,-7.11,0,-73.33333333,3,2013
CA-2014-123491,31-10-2014,06-11-2014,JamieKunitz@gmail.com,"United States,San Francisco,California",Labels,Avery 500,43.86,6.00,20.61,6,47,10,2014
CA-2014-104003,08-10-2014,14-10-2014,DebraCatini@gmail.com,"United States,San Francisco,California",Bookcases,O'Sullivan Manor Hill 2-Door Library in Brianna Oak,307.67,2.00,-14.48,6,-4.705882353,10,2014
CA-2012-130204,03-09-2012,09-09-2012,DavidBremer@gmail.com,"United States,San Francisco,California",Storage,Sterilite Officeware Hinged File Box,31.44,3.00,8.49,6,27,9,2012
CA-2011-110527,09-08-2011,16-08-2011,EmilyDucich@gmail.com,"United States,San Diego,California",Labels,Avery 494,20.88,8.00,9.60,7,46,8,2011
CA-2014-168837,15-10-2014,18-10-2014,JoniWasserman@gmail.com,"United States,Oakland,California",Furnishings,C-Line Cubicle Keepers Polyproplyene Holder With Velcro Backings,9.46,2.00,3.69,3,39,10,2014
CA-2014-116715,03-12-2014,06-12-2014,VictoriaWilson@gmail.com,"United States,San Francisco,California",Storage,"Fellowes Mobile File Cart, Black",559.62,9.00,151.10,3,27,12,2014
CA-2012-130785,05-09-2012,09-09-2012,ArthurGainer@gmail.com,"United States,San Diego,California",Bookcases,"Sauder Camden County Barrister Bookcase, Planked Cherry Finish",411.33,4.00,-4.84,4,-1.176470588,9,2012
CA-2012-105347,24-11-2012,28-11-2012,DarrenPowers@gmail.com,"United States,Los Angeles,California",Paper,Xerox 1919,368.91,9.00,180.77,4,49,11,2012
CA-2013-100965,08-07-2013,12-07-2013,RaymondMesse@gmail.com,"United States,San Jose,California",Furnishings,"Howard Miller 11-1/2"" Diameter Grantwood Wall Clock",215.65,5.00,73.32,4,34,7,2013
CA-2013-149461,14-11-2013,20-11-2013,AdrianShami@gmail.com,"United States,Auburn,Washington",Furnishings,"Eldon Image Series Desk Accessories, Burgundy",4.18,1.00,1.50,6,36,11,2013
US-2013-116729,26-12-2013,29-12-2013,GraceKelly@gmail.com,"United States,Los Angeles,California",Phones,Samsung Galaxy Note 2,2575.94,7.00,257.59,3,10,12,2013
CA-2012-131597,14-09-2012,18-09-2012,StefaniaPerrino@gmail.com,"United States,Los Angeles,California",Tables,KI Conference Tables,170.14,3.00,-8.51,4,-5,9,2012
CA-2012-164833,04-06-2012,04-06-2012,LaurenLeatherbury@gmail.com,"United States,Seattle,Washington",Labels,Avery 501,7.38,2.00,3.47,0,47,6,2012
CA-2012-125423,13-12-2012,15-12-2012,MattCollins@gmail.com,"United States,Los Angeles,California",Labels,Avery 513,9.96,2.00,4.58,2,46,12,2012
CA-2013-167507,23-12-2013,29-12-2013,SueAnnReed@gmail.com,"United States,Redmond,Oregon",Binders,"Avery 3 1/2"" Diskette Storage Pages, 10/Pack",31.32,10.00,-25.06,6,-80,12,2013
US-2014-113852,30-07-2014,03-08-2014,GiuliettaWeimer@gmail.com,"United States,Seattle,Washington",Accessories,Imation 8GB Mini TravelDrive USB 2.0 Flash Drive,90.57,3.00,11.77,4,13,7,2014
CA-2014-128370,11-09-2014,11-09-2014,FrankHawley@gmail.com,"United States,Los Angeles,California",Chairs,DMI Arturo Collection Mission-style Design Wood Chair,362.35,3.00,27.18,0,7.5,9,2014
CA-2011-114643,13-06-2011,17-06-2011,FiliaMcAdams@gmail.com,"United States,Los Angeles,California",Art,Staples,14.52,3.00,4.79,4,33,6,2011
US-2013-100839,14-10-2013,18-10-2013,NoahChilds@gmail.com,"United States,Aurora,Colorado",Tables,Hon 5100 Series Wood Tables,727.45,5.00,-465.57,4,-64,10,2013
CA-2014-118857,16-04-2014,19-04-2014,AdamHart@gmail.com,"United States,Henderson,Nevada",Furnishings,"Howard Miller 12"" Round Wall Clock",196.45,5.00,70.72,3,36,4,2014
CA-2013-148201,27-08-2013,30-08-2013,CharlesCrestani@gmail.com,"United States,Seattle,Washington",Paper,Xerox 1931,6.48,1.00,3.11,3,48,8,2013
CA-2011-116932,21-07-2011,25-07-2011,MichelleEllison@gmail.com,"United States,San Francisco,California",Art,Newell 334,99.20,5.00,25.79,4,26,7,2011
CA-2014-142888,22-11-2014,26-11-2014,BenjaminPatterson@gmail.com,"United States,Spokane,Washington",Tables,Safco Drafting Table,70.98,1.00,20.58,4,29,11,2014
CA-2014-118885,30-12-2014,03-01-2015,JamesGalang@gmail.com,"United States,Los Angeles,California",Chairs,"Global High-Back Leather Tilter, Burgundy",393.57,4.00,-44.28,4,-11.25,12,2014
CA-2013-147578,23-04-2013,27-04-2013,PaulGonzalez@gmail.com,"United States,San Francisco,California",Furnishings,Ultra Door Pull Handle,31.56,3.00,10.41,4,33,4,2013
CA-2011-157623,14-03-2011,18-03-2011,DeanKatz@gmail.com,"United States,Huntington Beach,California",Paper,Xerox 1972,10.56,2.00,4.75,4,45,3,2011
CA-2013-100083,25-11-2013,30-11-2013,CarolDarley@gmail.com,"United States,Medford,Oregon",Paper,"IBM Multi-Purpose Copy Paper, 8 1/2 x 11"", Case",24.78,1.00,7.75,5,31.25,11,2013
CA-2012-109197,31-12-2012,04-01-2013,JasO'Carroll@gmail.com,"United States,Missoula,Montana",Binders,Ibico Hi-Tech Manual Binding System,487.98,2.00,152.50,4,31.25,12,2012
CA-2014-167094,22-10-2014,23-10-2014,DamalaKotsonis@gmail.com,"United States,Springfield,Oregon",Paper,Xerox 218,5.18,1.00,1.81,1,35,10,2014
CA-2012-157959,03-02-2012,04-02-2012,RickWilson@gmail.com,"United States,Los Angeles,California",Furnishings,Hand-Finished Solid Wood Document Frame,136.92,4.00,41.08,1,30,2,2012
CA-2013-105963,16-11-2013,23-11-2013,StewartCarmichael@gmail.com,"United States,Los Angeles,California",Accessories,Imation 16GB Mini TravelDrive USB 2.0 Flash Drive,99.39,3.00,40.75,7,41,11,2013
CA-2014-126865,06-12-2014,08-12-2014,NaresjPatel@gmail.com,"United States,San Diego,California",Paper,Xerox 1960,92.94,3.00,41.82,2,45,12,2014
CA-2014-102834,10-03-2014,14-03-2014,LindsayWilliams@gmail.com,"United States,San Francisco,California",Accessories,Logitech Wireless Headset h800,199.98,2.00,69.99,4,35,3,2014
US-2013-139710,10-06-2013,16-06-2013,GregMatthias@gmail.com,"United States,Los Angeles,California",Phones,Avaya 4621SW VoIP phone,177.48,3.00,19.97,6,11.25,6,2013
CA-2014-121538,29-11-2014,02-12-2014,RickHansen@gmail.com,"United States,Denver,Colorado",Paper,"Eaton Premium Continuous-Feed Paper, 25% Cotton, Letter Size, White, 1000 Shts/Box",88.77,2.00,31.07,3,35,11,2014
US-2014-101539,17-03-2014,19-03-2014,ValerieMitchum@gmail.com,"United States,Seattle,Washington",Paper,Xerox 214,6.48,1.00,3.11,2,48,3,2014
CA-2013-152121,28-11-2013,30-11-2013,CraigCarreira@gmail.com,"United States,Scottsdale,Arizona",Phones,Motorola Moto X,271.99,1.00,23.80,2,8.75,11,2013
CA-2014-101245,28-11-2014,04-12-2014,LindsayWilliams@gmail.com,"United States,San Francisco,California",Paper,Tops White Computer Printout Paper,244.55,5.00,114.94,6,47,11,2014
CA-2012-141768,25-05-2012,27-05-2012,NoraPelletier@gmail.com,"United States,San Francisco,California",Furnishings,Ultra Door Push Plate,14.73,3.00,4.86,2,33,5,2012
CA-2013-112109,09-07-2013,13-07-2013,JoeElijah@gmail.com,"United States,Broomfield,Colorado",Binders,GBC Twin Loop Wire Binding Elements,19.97,2.00,-13.31,4,-66.66666667,7,2013
CA-2012-109939,08-05-2012,12-05-2012,AllenArmold@gmail.com,"United States,Salem,Oregon",Art,Newell 321,5.25,2.00,0.59,4,11.25,5,2012
CA-2013-112669,15-04-2013,15-04-2013,KeanTakahito@gmail.com,"United States,Glendale,Arizona",Chairs,Hon 4070 Series Pagoda Armless Upholstered Stacking Chairs,933.54,4.00,105.02,0,11.25,4,2013
CA-2011-164721,25-11-2011,27-11-2011,LaurelWorkman@gmail.com,"United States,Brentwood,California",Appliances,Belkin F9G930V10-GRY 9 Outlet Surge,320.88,6.00,93.06,2,29,11,2011
CA-2014-133648,26-06-2014,03-07-2014,MaxLudwig@gmail.com,"United States,Springfield,Oregon",Labels,Alphabetical Labels for Top Tab Filing,71.04,6.00,26.64,7,37.5,6,2014
CA-2014-166128,12-04-2014,19-04-2014,LukeWeiss@gmail.com,"United States,Pasadena,California",Accessories,SanDisk Ultra 64 GB MicroSDHC Class 10 Memory Card,199.95,5.00,21.99,7,11,4,2014
CA-2012-113110,19-03-2012,23-03-2012,BerenikeKampe@gmail.com,"United States,San Bernardino,California",Binders,GBC Imprintable Covers,17.57,2.00,6.37,4,36.25,3,2012
US-2014-111241,21-08-2014,23-08-2014,GeneMcClure@gmail.com,"United States,Fresno,California",Binders,GBC Recycled Regency Composition Covers,239.12,5.00,77.71,2,32.5,8,2014
CA-2012-114237,13-03-2012,15-03-2012,MarcCrier@gmail.com,"United States,Seattle,Washington",Bookcases,"Safco Value Mate Series Steel Bookcases, Baked Enamel Finish on Steel, Gray",141.96,2.00,39.75,2,28,3,2012
CA-2013-113516,09-09-2013,11-09-2013,ValerieMitchum@gmail.com,"United States,Lancaster,California",Binders,"Square Ring Data Binders, Rigid 75 Pt. Covers, 11"" x 14-7/8""",33.02,2.00,11.56,2,35,9,2013
CA-2012-119214,23-01-2012,27-01-2012,CarlWeiss@gmail.com,"United States,Bozeman,Montana",Paper,"Wirebound Service Call Books, 5 1/2"" x 4""",29.04,3.00,13.94,4,48,1,2012
CA-2012-122287,18-06-2012,23-06-2012,SkyeNorling@gmail.com,"United States,Peoria,Arizona",Paper,Xerox 1922,11.95,3.00,4.33,5,36.25,6,2012
CA-2012-104493,02-10-2012,08-10-2012,EdBraxton@gmail.com,"United States,San Diego,California",Binders,GBC Personal VeloBind Strips,57.50,6.00,20.13,6,35,10,2012
CA-2011-106439,31-10-2011,04-11-2011,GregGuthrie@gmail.com,"United States,Los Angeles,California",Fasteners,Staples,11.34,3.00,5.22,4,46,10,2011
CA-2012-133452,13-04-2012,19-04-2012,ZuschussCarroll@gmail.com,"United States,Pomona,California",Accessories,Plantronics Audio 478 Stereo USB Headset,199.96,4.00,69.99,6,35,4,2012
US-2014-110996,21-11-2014,26-11-2014,KellyAndreada@gmail.com,"United States,Ontario,California",Chairs,Novimex High-Tech Fabric Mesh Task Chair,283.92,5.00,-46.14,5,-16.25,11,2014
CA-2013-129693,27-11-2013,03-12-2013,TamaraChand@gmail.com,"United States,Seattle,Washington",Binders,Newell 3-Hole Punched Plastic Slotted Magazine Holders for Binders,7.31,2.00,2.56,6,35,11,2013
CA-2014-122504,08-11-2014,13-11-2014,DeborahBrumfield@gmail.com,"United States,Brentwood,California",Accessories,Anker Ultra-Slim Mini Bluetooth 3.0 Wireless Keyboard,59.97,3.00,13.79,5,23,11,2014
CA-2011-131051,01-12-2011,05-12-2011,TobyRitter@gmail.com,"United States,San Francisco,California",Furnishings,"Floodlight Indoor Halogen Bulbs, 1 Bulb per Pack, 60 Watts",58.20,3.00,28.52,4,49,12,2011
CA-2012-120103,24-12-2012,29-12-2012,MaribethSchnelling@gmail.com,"United States,Phoenix,Arizona",Paper,Computer Printout Paper with Letter-Trim Perforations,106.23,7.00,37.18,5,35,12,2012
CA-2014-104647,24-02-2014,02-03-2014,ClytieKelty@gmail.com,"United States,Los Angeles,California",Paper,"Ampad Phone Message Book, Recycled, 400 Message Capacity, 5 ¾ x 11",37.44,6.00,16.85,6,45,2,2014
CA-2012-139290,26-10-2012,30-10-2012,MaribethYedwab@gmail.com,"United States,Rancho Cucamonga,California",Labels,Avery 507,5.76,2.00,2.65,4,46,10,2012
CA-2012-149678,13-04-2012,15-04-2012,AnthonyWitt@gmail.com,"United States,Farmington,New Mexico",Supplies,Martin-Yale Premier Letter Opener,12.88,1.00,0.39,2,3,4,2012
CA-2014-124401,08-09-2014,13-09-2014,RubenDartt@gmail.com,"United States,Portland,Oregon",Storage,Hanging Personal Folder File,37.68,3.00,2.36,5,6.25,9,2014
US-2011-140116,10-03-2011,17-03-2011,KeanThornton@gmail.com,"United States,Denver,Colorado",Storage,Tennsco 6- and 18-Compartment Lockers,636.41,3.00,-15.91,7,-2.5,3,2011
CA-2011-123295,18-07-2011,18-07-2011,AdrianHane@gmail.com,"United States,Tucson,Arizona",Chairs,Office Star - Ergonomically Designed Knee Chair,259.14,4.00,-25.91,0,-10,7,2011
CA-2012-164882,31-10-2012,31-10-2012,SandraGlassco@gmail.com,"United States,Redlands,California",Paper,Xerox 191,19.98,1.00,9.39,0,47,10,2012
CA-2013-130267,20-09-2013,24-09-2013,ScotWooten@gmail.com,"United States,Stockton,California",Paper,"Xerox Color Copier Paper, 11"" x 17"", Ream",159.88,7.00,73.54,4,46,9,2013
CA-2014-155460,14-04-2014,16-04-2014,RobWilliams@gmail.com,"United States,Seattle,Washington",Paper,Xerox 4200 Series MultiUse Premium Copy Paper (20Lb. and 84 Bright),5.28,1.00,2.38,2,45,4,2014
CA-2014-158246,10-11-2014,12-11-2014,JenniferBraxton@gmail.com,"United States,Sunnyvale,California",Chairs,"Global Leather Task Chair, Black",215.98,3.00,-2.70,2,-1.25,11,2014
CA-2011-141607,12-12-2011,17-12-2011,WilliamBrown@gmail.com,"United States,Concord,California",Furnishings,Eldon Advantage Chair Mats for Low to Medium Pile Carpets,43.31,1.00,4.33,5,10,12,2011
CA-2013-111115,26-07-2013,28-07-2013,LarryBlacks@gmail.com,"United States,Los Angeles,California",Fasteners,OIC Binder Clips,21.48,6.00,10.74,2,50,7,2013
CA-2013-101938,07-01-2013,12-01-2013,DiannaWilson@gmail.com,"United States,Oakland,California",Art,Panasonic KP-350BK Electric Pencil Sharpener with Auto Stop,34.58,1.00,10.03,5,29,1,2013
CA-2014-166296,14-03-2014,20-03-2014,KarenFerguson@gmail.com,"United States,Manteca,California",Paper,Multicolor Computer Printout Paper,314.55,3.00,150.98,6,48,3,2014
CA-2011-152296,01-08-2011,03-08-2011,IvanListon@gmail.com,"United States,San Francisco,California",Binders,Wilson Jones data.warehouse D-Ring Binders with DublLock,19.75,3.00,6.91,2,35,8,2011
CA-2013-125738,16-10-2013,22-10-2013,PatrickBzostek@gmail.com,"United States,Salt Lake City,Utah",Paper,Xerox 1982,45.68,2.00,21.01,6,46,10,2013
CA-2014-124576,02-08-2014,05-08-2014,HeatherKirkland@gmail.com,"United States,Salinas,California",Binders,GBC Prestige Therm-A-Bind Covers,54.90,2.00,18.53,3,33.75,8,2014
CA-2013-118913,26-06-2013,30-06-2013,AlanShonely@gmail.com,"United States,Los Angeles,California",Appliances,Fellowes Mighty 8 Compact Surge Protector,60.81,3.00,17.03,4,28,6,2013
CA-2013-128412,11-12-2013,18-12-2013,ArthurPrichep@gmail.com,"United States,Seattle,Washington",Binders,GBC DocuBind P50 Personal Binding Machine,153.55,3.00,51.82,7,33.75,12,2013
CA-2012-138002,06-09-2012,12-09-2012,BethThompson@gmail.com,"United States,Seattle,Washington",Binders,Acco Hanging Data Binders,6.10,2.00,2.13,6,35,9,2012
CA-2014-129378,02-10-2014,03-10-2014,NeolaSchneider@gmail.com,"United States,San Jose,California",Binders,Wilson Jones Easy Flow II Sheet Lifters,1.44,1.00,0.50,1,35,10,2014
CA-2014-130841,29-07-2014,02-08-2014,MattHagelstein@gmail.com,"United States,San Francisco,California",Binders,Zipper Ring Binder Pockets,9.98,4.00,3.62,4,36.25,7,2014
CA-2013-106383,20-03-2013,22-03-2013,BobbyTrafton@gmail.com,"United States,Littleton,Colorado",Bookcases,"Atlantic Metals Mobile 2-Shelf Bookcases, Custom Colors",72.29,1.00,-98.80,2,-136.6666667,3,2013
CA-2011-128055,31-03-2011,05-04-2011,AlexAvila@gmail.com,"United States,San Francisco,California",Binders,GBC DocuBind 200 Manual Binding Machine,673.57,2.00,252.59,5,37.5,3,2011
CA-2012-123232,14-12-2012,16-12-2012,DougJacobs@gmail.com,"United States,Portland,Oregon",Phones,HTC One,319.97,4.00,36.00,2,11.25,12,2012
CA-2013-122322,16-07-2013,22-07-2013,RickHuthwaite@gmail.com,"United States,Provo,Utah",Supplies,Fiskars Home & Office Scissors,44.40,5.00,12.43,6,28,7,2013
CA-2013-146633,16-11-2013,18-11-2013,TobyGnade@gmail.com,"United States,Los Angeles,California",Binders,Fellowes PB500 Electric Punch Plastic Comb Binding Machine with Manual Bind,1016.79,1.00,381.30,2,37.5,11,2013
CA-2014-103380,22-11-2014,26-11-2014,BarryFranz@gmail.com,"United States,Pasadena,California",Storage,Eldon Portable Mobile Manager,56.56,2.00,15.27,4,27,11,2014
CA-2012-116092,15-02-2012,18-02-2012,JustinMacKendrick@gmail.com,"United States,Los Angeles,California",Paper,Xerox 1959,13.36,2.00,6.41,3,48,2,2012
CA-2013-117849,16-04-2013,18-04-2013,JulieKriz@gmail.com,"United States,San Diego,California",Paper,Xerox 1911,143.70,3.00,68.98,2,48,4,2013
CA-2012-169201,28-09-2012,01-10-2012,HenryGoldwyn@gmail.com,"United States,San Francisco,California",Appliances,Holmes Odor Grabber,43.26,3.00,14.28,3,33,9,2012
CA-2014-105214,17-06-2014,20-06-2014,TroyStaebel@gmail.com,"United States,San Francisco,California",Chairs,Hon Multipurpose Stacking Arm Chairs,1212.96,7.00,90.97,3,7.5,6,2014
CA-2012-117611,08-11-2012,10-11-2012,MariaZettner@gmail.com,"United States,San Diego,California",Fasteners,Advantus Plastic Paper Clips,5.00,1.00,2.40,2,48,11,2012
CA-2014-137470,18-09-2014,18-09-2014,TomPrescott@gmail.com,"United States,Seattle,Washington",Paper,Xerox 1984,12.96,2.00,6.35,0,49,9,2014
CA-2012-102036,21-09-2012,27-09-2012,ChadSievert@gmail.com,"United States,Seattle,Washington",Storage,Fellowes Bases and Tops For Staxonsteel/High-Stak Systems,199.74,6.00,47.94,6,24,9,2012
CA-2012-142944,06-03-2012,11-03-2012,JohnLucas@gmail.com,"United States,San Francisco,California",Furnishings,Deflect-o Glass Clear Studded Chair Mats,435.26,7.00,95.76,5,22,3,2012
CA-2011-157882,03-10-2011,08-10-2011,AllenRosenblatt@gmail.com,"United States,Los Angeles,California",Tables,Bevis Round Conference Room Tables and Bases,143.43,1.00,3.59,5,2.5,10,2011
CA-2014-142622,31-10-2014,03-11-2014,JimKarlsson@gmail.com,"United States,Seattle,Washington",Chairs,Novimex Fabric Task Chair,97.57,2.00,-6.10,3,-6.25,10,2014
CA-2014-143343,11-06-2014,14-06-2014,BenWallace@gmail.com,"United States,Los Angeles,California",Art,Newell 351,16.40,5.00,4.76,3,29,6,2014
CA-2014-115154,09-01-2014,12-01-2014,RicardoSperren@gmail.com,"United States,Seattle,Washington",Tables,Balt Solid Wood Round Tables,892.98,2.00,80.37,3,9,1,2014
US-2014-120418,12-06-2014,13-06-2014,BeckyCastell@gmail.com,"United States,Peoria,Arizona",Chairs,Global Leather Executive Chair,280.79,1.00,35.10,1,12.5,6,2014
CA-2014-165491,21-03-2014,25-03-2014,HelenWasserman@gmail.com,"United States,Seattle,Washington",Accessories,Imation Secure Drive + Hardware Encrypted USB flash drive - 16 GB,265.93,7.00,63.82,4,24,3,2014
CA-2014-138422,24-09-2014,27-09-2014,KristinaNunn@gmail.com,"United States,Fort Collins,Colorado",Envelopes,Wausau Papers Astrobrights Colored Envelopes,14.35,3.00,5.20,3,36.25,9,2014
CA-2013-155187,25-09-2013,27-09-2013,LauraArmstrong@gmail.com,"United States,Los Angeles,California",Storage,"Tennsco Lockers, Gray",41.96,2.00,2.94,2,7,9,2013
CA-2014-109701,03-12-2014,04-12-2014,AliceMcCarthy@gmail.com,"United States,Los Angeles,California",Binders,Staples,9.02,6.00,3.16,1,35,12,2014
CA-2012-111514,31-08-2012,02-09-2012,ScottCohen@gmail.com,"United States,San Francisco,California",Bookcases,"Atlantic Metals Mobile 3-Shelf Bookcases, Custom Colors",1552.83,7.00,200.95,2,12.94117647,8,2012
CA-2011-102295,24-11-2011,26-11-2011,EricaHackney@gmail.com,"United States,Sacramento,California",Chairs,"Global Leather & Oak Executive Chair, Burgundy",120.71,1.00,-18.11,2,-15,11,2011
CA-2012-148628,06-12-2012,11-12-2012,KatherineMurray@gmail.com,"United States,Thousand Oaks,California",Paper,"Message Book, Phone, Wirebound Standard Line Memo, 2 3/4"" X 5""",32.75,5.00,15.07,5,46,12,2012
US-2014-117534,26-03-2014,27-03-2014,ChristinaVanderZanden@gmail.com,"United States,Fresno,California",Appliances,Acco Smartsocket Color-Coded Six-Outlet AC Adapter Model Surge Protectors,176.04,4.00,45.77,1,26,3,2014
CA-2012-145065,12-12-2012,15-12-2012,DennisKane@gmail.com,"United States,San Diego,California",Fasteners,Staples,7.86,2.00,3.62,3,46,12,2012
CA-2014-169264,15-08-2014,17-08-2014,NoraPreis@gmail.com,"United States,San Francisco,California",Labels,Avery File Folder Labels,5.76,2.00,2.82,2,49,8,2014
CA-2014-108574,08-10-2014,12-10-2014,MikeGockenbach@gmail.com,"United States,Los Angeles,California",Accessories,Logitech G19 Programmable Gaming Keyboard,1115.91,9.00,200.86,4,18,10,2014
CA-2014-144589,21-01-2014,26-01-2014,TamaraManning@gmail.com,"United States,San Francisco,California",Art,Staples,24.20,5.00,7.99,5,33,1,2014
CA-2014-155985,24-03-2014,26-03-2014,BillEplett@gmail.com,"United States,San Francisco,California",Furnishings,DAX Natural Wood-Tone Poster Frame,211.84,8.00,76.26,2,36,3,2014
CA-2012-142041,07-06-2012,09-06-2012,EleniMcCrary@gmail.com,"United States,Los Angeles,California",Binders,Staples,7.52,5.00,2.63,2,35,6,2012
CA-2011-151295,12-11-2011,16-11-2011,JosephAirdo@gmail.com,"United States,Los Angeles,California",Paper,Xerox 1974,11.96,2.00,5.86,4,49,11,2011
CA-2014-168655,13-10-2014,19-10-2014,MichelleLonsdale@gmail.com,"United States,Albuquerque,New Mexico",Accessories,WD My Passport Ultra 2TB Portable External Hard Drive,595.00,5.00,95.20,6,16,10,2014
CA-2013-107202,22-05-2013,29-05-2013,LindaCazamias@gmail.com,"United States,Sparks,Nevada",Machines,Panasonic KX MB2061 Multifunction Printer,2396.40,10.00,179.73,7,7.5,5,2013
CA-2014-159597,10-11-2014,15-11-2014,MattCollister@gmail.com,"United States,Coachella,California",Storage,"Safco Wire Cube Shelving System, For Use as 4 or 5 14"" Cubes, Black",63.56,2.00,3.18,5,5,11,2014
CA-2014-100748,14-05-2014,21-05-2014,RossBaird@gmail.com,"United States,San Francisco,California",Labels,Self-Adhesive Address Labels for Typewriters by Universal,58.48,8.00,27.49,7,47,5,2014
CA-2014-129805,29-12-2014,03-01-2015,HarryMarie@gmail.com,"United States,Seattle,Washington",Furnishings,3M Hangers With Command Adhesive,7.40,2.00,3.03,5,41,12,2014
CA-2014-140053,04-07-2014,11-07-2014,ChristinaAnderson@gmail.com,"United States,Farmington,New Mexico",Furnishings,"Tenex Traditional Chairmats for Medium Pile Carpet, Standard Lip, 36"" x 48""",545.85,9.00,114.63,7,21,7,2014
CA-2011-164210,18-11-2011,20-11-2011,PierreWener@gmail.com,"United States,Louisville,Colorado",Tables,Bevis Rectangular Conference Tables,145.98,2.00,-99.27,2,-68,11,2011
CA-2012-100573,25-09-2012,01-10-2012,AnneMcFarland@gmail.com,"United States,Los Angeles,California",Envelopes,"#10- 4 1/8"" x 9 1/2"" Recycled Envelopes",17.48,2.00,8.22,6,47,9,2012
CA-2013-140207,06-11-2013,11-11-2013,ChristopherSchild@gmail.com,"United States,San Jose,California",Binders,Cardinal Holdit Data Disk Pockets,29.12,5.00,9.83,5,33.75,11,2013
CA-2012-142419,11-07-2012,13-07-2012,ShahidCollister@gmail.com,"United States,Seattle,Washington",Paper,Xerox 1896,29.97,3.00,13.49,2,45,7,2012
CA-2013-114972,04-11-2013,07-11-2013,PhillipFlathmann@gmail.com,"United States,Los Angeles,California",Chairs,Global Deluxe High-Back Office Chair in Storm,217.58,2.00,-29.92,3,-13.75,11,2013
CA-2014-102750,05-09-2014,09-09-2014,GregMaxwell@gmail.com,"United States,Los Angeles,California",Tables,Chromcraft Bull-Nose Wood Oval Conference Tables & Bases,1322.35,3.00,-99.18,4,-7.5,9,2014
CA-2014-147956,25-12-2014,01-01-2015,AlanHwang@gmail.com,"United States,Seattle,Washington",Storage,Office Impressions Heavy Duty Welded Shelving & Multimedia Storage Drawers,1003.62,6.00,0.00,7,0,12,2014
CA-2014-126067,29-08-2014,04-09-2014,KristinaNunn@gmail.com,"United States,Seattle,Washington",Phones,Anker 24W Portable Micro USB Car Charger,35.17,4.00,11.43,6,32.5,8,2014
CA-2011-113579,13-12-2011,15-12-2011,KatherineDucich@gmail.com,"United States,Los Angeles,California",Paper,White GlueTop Scratch Pads,90.24,6.00,41.51,2,46,12,2011
CA-2012-122371,26-09-2012,01-10-2012,BryanSpruell@gmail.com,"United States,San Diego,California",Storage,"Sortfiler Multipurpose Personal File Organizer, Black",64.17,3.00,18.61,5,29,9,2012
CA-2013-126935,20-05-2013,25-05-2013,BillTyler@gmail.com,"United States,San Francisco,California",Binders,GBC Personal VeloBind Strips,9.58,1.00,3.35,5,35,5,2013
CA-2013-149482,15-11-2013,20-11-2013,RalphRitter@gmail.com,"United States,San Francisco,California",Labels,Avery 52,7.38,2.00,3.47,5,47,11,2013
CA-2011-143917,25-07-2011,27-07-2011,KenLonsdale@gmail.com,"United States,San Francisco,California",Storage,"Fellowes Personal Hanging Folder Files, Navy",53.72,4.00,15.04,2,28,7,2011
CA-2014-163902,03-03-2014,09-03-2014,MaribethYedwab@gmail.com,"United States,Los Angeles,California",Phones,Panasonic KX TS3282B Corded phone,196.78,3.00,14.76,6,7.5,3,2014
CA-2012-143238,06-09-2012,08-09-2012,LoriOlson@gmail.com,"United States,La Quinta,California",Accessories,Memorex Mini Travel Drive 8 GB USB 2.0 Flash Drive,46.32,4.00,18.06,2,39,9,2012
CA-2012-113404,16-07-2012,16-07-2012,EleniMcCrary@gmail.com,"United States,San Francisco,California",Chairs,Hon 2090 Pillow Soft Series Mid Back Swivel/Tilt Chairs,1348.70,6.00,-219.16,0,-16.25,7,2012
CA-2013-144792,01-05-2013,05-05-2013,KenDana@gmail.com,"United States,Scottsdale,Arizona",Furnishings,12-1/2 Diameter Round Wall Clock,111.89,7.00,22.38,4,20,5,2013
CA-2014-108070,17-04-2014,21-04-2014,JoelEaton@gmail.com,"United States,San Jose,California",Storage,"Belkin 19"" Vented Equipment Shelf, Black",205.92,4.00,2.06,4,1,4,2014
US-2012-128090,16-08-2012,22-08-2012,JohnMurray@gmail.com,"United States,Phoenix,Arizona",Art,Newell 346,2.30,1.00,0.26,6,11.25,8,2012
CA-2012-147788,31-05-2012,04-06-2012,TamaraManning@gmail.com,"United States,Orem,Utah",Bookcases,O'Sullivan Living Dimensions 3-Shelf Bookcases,1406.86,7.00,140.69,4,10,5,2012
CA-2014-123967,02-11-2014,04-11-2014,SarahFoster@gmail.com,"United States,Bellingham,Washington",Binders,GBC Standard Plastic Binding Systems' Combs,25.12,5.00,7.85,2,31.25,11,2014
CA-2013-137729,06-05-2013,10-05-2013,BarryFranz@gmail.com,"United States,Los Angeles,California",Storage,"Perma STOR-ALL Hanging File Box, 13 1/8""W x 12 1/4""D x 10 1/2""H",5.98,1.00,1.02,4,17,5,2013
CA-2013-154053,05-03-2013,11-03-2013,MichaelGranlund@gmail.com,"United States,San Diego,California",Art,Berol Giant Pencil Sharpener,16.99,1.00,4.93,6,29,3,2013
CA-2013-137204,29-04-2013,06-05-2013,BillOverfelt@gmail.com,"United States,Los Angeles,California",Chairs,"Global Stack Chair without Arms, Black",41.57,2.00,2.60,7,6.25,4,2013
CA-2011-147298,26-04-2011,03-05-2011,AleksandraGannaway@gmail.com,"United States,Los Angeles,California",Chairs,Bevis Steel Folding Chairs,230.28,3.00,23.03,7,10,4,2011
CA-2014-147942,02-04-2014,06-04-2014,MaribethSchnelling@gmail.com,"United States,San Francisco,California",Labels,Avery 498,5.78,2.00,2.72,4,47,4,2014
CA-2014-115931,23-12-2014,27-12-2014,JimMitchum@gmail.com,"United States,Carlsbad,New Mexico",Art,Design Ebony Sketching Pencil,4.17,3.00,1.08,4,26,12,2014
US-2014-110604,16-05-2014,21-05-2014,JasonFortune-@gmail.com,"United States,Seattle,Washington",Furnishings,24-Hour Round Wall Clock,39.96,2.00,17.18,5,43,5,2014
CA-2012-162369,15-08-2012,19-08-2012,TimTaslimi@gmail.com,"United States,Los Angeles,California",Storage,Fellowes Super Stor/Drawer Files,323.10,2.00,61.39,4,19,8,2012
US-2013-146794,27-09-2013,02-10-2013,SallyHughsby@gmail.com,"United States,Hesperia,California",Bookcases,Bestar Classic Bookcase,424.96,5.00,20.00,5,4.705882353,9,2013
CA-2014-112515,18-09-2014,22-09-2014,AlanSchoenberger@gmail.com,"United States,Provo,Utah",Binders,Avery Non-Stick Binders,10.78,3.00,3.50,4,32.5,9,2014
CA-2013-150343,17-08-2013,21-08-2013,PeteKriz@gmail.com,"United States,San Francisco,California",Envelopes,Convenience Packs of Business Envelopes,10.86,3.00,5.10,4,47,8,2013
CA-2012-135538,24-12-2012,28-12-2012,HaroldRyan@gmail.com,"United States,Gilbert,Arizona",Chairs,SAFCO Arco Folding Chair,883.84,4.00,99.43,4,11.25,12,2012
US-2012-139759,25-08-2012,30-08-2012,NancyLomonaco@gmail.com,"United States,Los Angeles,California",Chairs,"Global Deluxe Stacking Chair, Gray",40.78,1.00,4.59,5,11.25,8,2012
CA-2014-136875,04-12-2014,04-12-2014,TobyCarlisle@gmail.com,"United States,San Diego,California",Paper,Xerox 1888,166.44,3.00,79.89,0,48,12,2014
US-2011-160780,21-06-2011,21-06-2011,StewartVisinsky@gmail.com,"United States,Pueblo,Colorado",Binders,"Wilson Jones 1"" Hanging DublLock Ring Binders",11.09,7.00,-8.13,0,-73.33333333,6,2011
CA-2014-137085,30-06-2014,07-07-2014,CarolTriggs@gmail.com,"United States,Los Angeles,California",Binders,Satellite Sectional Post Binders,312.55,9.00,101.58,7,32.5,6,2014
CA-2012-153220,12-11-2012,14-11-2012,YosephCarroll@gmail.com,"United States,Los Angeles,California",Paper,"Adams ""While You Were Out"" Message Pads",15.70,5.00,7.07,2,45,11,2012
US-2013-144211,29-08-2013,03-09-2013,ChadSievert@gmail.com,"United States,Englewood,Colorado",Paper,"Wirebound Four 2-3/4 x 5 Forms per Page, 400 Sets per Book",15.48,3.00,5.61,5,36.25,8,2013
CA-2013-138079,22-01-2013,28-01-2013,AnthonyJohnson@gmail.com,"United States,Seattle,Washington",Furnishings,"Contract Clock, 14"", Brown",109.90,5.00,37.37,6,34,1,2013
CA-2014-155873,17-06-2014,22-06-2014,AlejandroBallentine@gmail.com,"United States,Carlsbad,New Mexico",Supplies,Acme Elite Stainless Steel Scissors,16.68,2.00,4.34,5,26,6,2014
CA-2012-121797,30-01-2012,06-02-2012,CharlesCrestani@gmail.com,"United States,Los Angeles,California",Furnishings,"Computer Room Manger, 14""",227.36,7.00,81.85,7,36,1,2012
CA-2012-103723,01-12-2012,06-12-2012,BethThompson@gmail.com,"United States,Seattle,Washington",Art,Prang Drawing Pencil Set,13.90,5.00,5.56,5,40,12,2012
CA-2014-144827,22-12-2014,28-12-2014,SanjitEngle@gmail.com,"United States,Costa Mesa,California",Storage,"Fellowes Mobile File Cart, Black",124.36,2.00,33.58,6,27,12,2014
CA-2011-153479,04-10-2011,08-10-2011,DavidFlashing@gmail.com,"United States,Vallejo,California",Labels,Avery 512,14.45,5.00,6.79,4,47,10,2011
CA-2014-104801,14-02-2014,20-02-2014,FredHarton@gmail.com,"United States,Seattle,Washington",Art,Newell 311,6.63,3.00,1.79,6,27,2,2014
CA-2012-129770,21-02-2012,23-02-2012,JoeElijah@gmail.com,"United States,Las Cruces,New Mexico",Paper,Staples,49.12,4.00,23.09,2,47,2,2012
CA-2011-149244,04-11-2011,08-11-2011,MaryBethSkach@gmail.com,"United States,San Diego,California",Furnishings,"Executive Impressions 12"" Wall Clock",35.34,2.00,13.43,4,38,11,2011
CA-2012-140144,20-06-2012,25-06-2012,StewartCarmichael@gmail.com,"United States,San Francisco,California",Furnishings,"Howard Miller 13"" Diameter Pewter Finish Round Wall Clock",257.64,6.00,100.48,5,39,6,2012
US-2011-141257,08-06-2011,14-06-2011,CarlosSoltero@gmail.com,"United States,Seattle,Washington",Chairs,"Hon Deluxe Fabric Upholstered Stacking Chairs, Squared Back",585.55,3.00,73.19,6,12.5,6,2011
CA-2011-154669,08-08-2011,11-08-2011,TamaraManning@gmail.com,"United States,Vacaville,California",Storage,Advantus Rolling Drawer Organizers,423.28,11.00,110.05,3,26,8,2011
CA-2011-158029,26-05-2011,30-05-2011,HerbertFlentye@gmail.com,"United States,Los Angeles,California",Chairs,Hon Olson Stacker Stools,225.30,2.00,22.53,4,10,5,2011
CA-2012-155306,17-04-2012,21-04-2012,GeorgeAshbrook@gmail.com,"United States,San Francisco,California",Art,Prang Drawing Pencil Set,5.56,2.00,2.22,4,40,4,2012
CA-2011-129574,26-05-2011,29-05-2011,Deanpercer@gmail.com,"United States,Murray,Utah",Paper,"Wirebound Service Call Books, 5 1/2"" x 4""",48.40,5.00,23.23,3,48,5,2011
CA-2014-126536,13-10-2014,15-10-2014,NeilKnudson@gmail.com,"United States,San Francisco,California",Accessories,Maxell 4.7GB DVD-R 5/Pack,0.99,1.00,0.44,2,44,10,2014
CA-2013-144729,22-10-2013,26-10-2013,JoelEaton@gmail.com,"United States,San Diego,California",Storage,"Belkin 19"" Vented Equipment Shelf, Black",154.44,3.00,1.54,4,1,10,2013
CA-2012-127019,21-12-2012,25-12-2012,ElpidaRittenbach@gmail.com,"United States,Colorado Springs,Colorado",Appliances,Belkin 6 Outlet Metallic Surge Strip,60.98,7.00,4.57,4,7.5,12,2012
CA-2012-138534,17-07-2012,19-07-2012,JessicaMyrick@gmail.com,"United States,Bakersfield,California",Bookcases,"Sauder Camden County Collection Libraries, Planked Cherry Finish",195.47,2.00,-13.80,2,-7.058823529,7,2012
CA-2012-149972,21-09-2012,23-09-2012,CynthiaDelaney@gmail.com,"United States,Los Angeles,California",Chairs,Hon Every-Day Series Multi-Task Chairs,601.54,4.00,0.00,2,0,9,2012
CA-2011-154599,12-04-2011,17-04-2011,KeanNguyen@gmail.com,"United States,Redondo Beach,California",Phones,Pyle PMP37LED,1075.09,14.00,94.07,5,8.75,4,2011
US-2012-110163,01-11-2012,04-11-2012,GuyArmstrong@gmail.com,"United States,Salem,Oregon",Art,Lumber Crayons,7.88,1.00,1.77,3,22.5,11,2012
CA-2014-143329,04-11-2014,09-11-2014,DeniseLeinenbach@gmail.com,"United States,Las Cruces,New Mexico",Furnishings,9-3/4 Diameter Round Wall Clock,41.37,3.00,17.38,5,42,11,2014
CA-2012-159380,12-05-2012,16-05-2012,CindyStewart@gmail.com,"United States,San Francisco,California",Paper,Xerox 1962,12.84,3.00,5.78,4,45,5,2012
CA-2012-148635,25-07-2012,27-07-2012,MichelleHuthwaite@gmail.com,"United States,Seattle,Washington",Fasteners,Plymouth Boxed Rubber Bands by Plymouth,9.42,2.00,0.47,2,5,7,2012
CA-2013-160500,06-05-2013,09-05-2013,DarrinMartin@gmail.com,"United States,Encinitas,California",Binders,Computer Printout Index Tabs,6.72,5.00,2.35,3,35,5,2013
CA-2014-100202,01-01-2014,06-01-2014,BrianDeCherney@gmail.com,"United States,Anaheim,California",Phones,Adtran 1202752G1,302.38,3.00,22.68,5,7.5,1,2014
CA-2011-148915,01-11-2011,05-11-2011,NatalieDeCherney@gmail.com,"United States,Portland,Oregon",Storage,"Carina Mini System Audio Rack, Model AR050B",443.92,5.00,-94.33,4,-21.25,11,2011
CA-2014-110842,12-11-2014,17-11-2014,GuyArmstrong@gmail.com,"United States,Los Angeles,California",Appliances,Belkin 6 Outlet Metallic Surge Strip,10.89,1.00,2.83,5,26,11,2014
CA-2013-128594,27-08-2013,30-08-2013,DonJones@gmail.com,"United States,San Diego,California",Chairs,Global Troy Executive Leather Low-Back Tilter,1603.14,4.00,100.20,3,6.25,8,2013
US-2014-103828,14-08-2014,14-08-2014,JayKimmel@gmail.com,"United States,San Francisco,California",Storage,Sterilite Officeware Hinged File Box,31.44,3.00,8.49,0,27,8,2014
CA-2011-148040,22-03-2011,26-03-2011,BethFritzler@gmail.com,"United States,Tucson,Arizona",Paper,Xerox 1951,74.35,3.00,23.24,4,31.25,3,2011
CA-2014-135167,16-06-2014,21-06-2014,StuartCalhoun@gmail.com,"United States,Los Angeles,California",Art,"Dixon Prang Watercolor Pencils, 10-Color Set with Brush",4.26,1.00,1.75,5,41,6,2014
CA-2014-137022,17-11-2014,23-11-2014,ScottWilliamson@gmail.com,"United States,San Diego,California",Storage,Tennsco Regal Shelving Units,811.28,8.00,24.34,6,3,11,2014
US-2013-167339,21-01-2013,23-01-2013,TamaraDahlen@gmail.com,"United States,San Diego,California",Chairs,Global Super Steno Chair,153.57,2.00,-5.76,2,-3.75,1,2013
CA-2013-130799,12-11-2013,17-11-2013,BerenikeKampe@gmail.com,"United States,San Francisco,California",Furnishings,"Eldon Regeneration Recycled Desk Accessories, Smoke",6.96,4.00,2.23,5,32,11,2013
CA-2013-164483,30-01-2013,03-02-2013,JeremyFarry@gmail.com,"United States,San Francisco,California",Binders,Heavy-Duty E-Z-D Binders,17.46,2.00,5.89,4,33.75,1,2013
US-2013-159856,19-10-2013,23-10-2013,EmilyPhan@gmail.com,"United States,Tempe,Arizona",Chairs,Global Deluxe Steno Chair,307.92,5.00,-34.64,4,-11.25,10,2013
CA-2014-102099,19-12-2014,20-12-2014,EmilyPhan@gmail.com,"United States,Los Angeles,California",Art,Newell 327,6.63,3.00,1.79,1,27,12,2014
CA-2014-164049,03-11-2014,07-11-2014,KenHeidel@gmail.com,"United States,Seattle,Washington",Paper,"Wirebound Message Books, Four 2 3/4 x 5 Forms per Page, 200 Sets per Book",23.85,5.00,10.73,4,45,11,2014
CA-2011-127586,26-09-2011,30-09-2011,ChristopherSchild@gmail.com,"United States,Seattle,Washington",Storage,"Dual Level, Single-Width Filing Carts",310.12,2.00,80.63,4,26,9,2011
CA-2014-166415,20-02-2014,24-02-2014,MaxEngle@gmail.com,"United States,Seattle,Washington",Fasteners,Rubber Band Ball,11.22,3.00,0.22,4,2,2,2014
CA-2014-164329,31-01-2014,31-01-2014,MichaelMoore@gmail.com,"United States,San Francisco,California",Storage,Space Solutions Commercial Steel Shelving,129.30,2.00,6.47,0,5,1,2014
CA-2012-168564,08-08-2012,08-08-2012,ThomasThornton@gmail.com,"United States,San Francisco,California",Binders,"ACCOHIDE 3-Ring Binder, Blue, 1""",6.61,2.00,2.23,0,33.75,8,2012
US-2013-169040,07-12-2013,13-12-2013,GregTran@gmail.com,"United States,Seattle,Washington",Phones,Plantronics Calisto P620-M USB Wireless Speakerphone System,156.79,1.00,13.72,6,8.75,12,2013
CA-2014-126242,20-11-2014,25-11-2014,MickCrebagga@gmail.com,"United States,Los Angeles,California",Storage,"File Shuttle II and Handi-File, Black",305.01,9.00,76.25,5,25,11,2014
CA-2013-166443,05-11-2013,06-11-2013,LisaHazard@gmail.com,"United States,San Francisco,California",Furnishings,Advantus Panel Wall Acrylic Frame,38.29,7.00,16.46,1,43,11,2013
CA-2014-169859,15-12-2014,19-12-2014,MikePelletier@gmail.com,"United States,San Diego,California",Furnishings,"Eldon 400 Class Desk Accessories, Black Carbon",26.25,3.00,11.03,4,42,12,2014
CA-2014-134915,13-11-2014,13-11-2014,EugeneMoren@gmail.com,"United States,Glendale,Arizona",Accessories,Memorex Micro Travel Drive 8 GB,41.60,4.00,13.00,0,31.25,11,2014
CA-2012-158456,24-12-2012,29-12-2012,KeanTakahito@gmail.com,"United States,Los Angeles,California",Binders,Avery Hole Reinforcements,19.94,4.00,7.23,5,36.25,12,2012
CA-2014-143665,27-04-2014,02-05-2014,PhilisseOvercash@gmail.com,"United States,Seattle,Washington",Paper,Strathmore Photo Mount Cards,20.34,3.00,9.36,5,46,4,2014
CA-2014-137428,17-12-2014,22-12-2014,AndyYotov@gmail.com,"United States,Oceanside,California",Chairs,"Global Deluxe Stacking Chair, Gray",81.57,2.00,9.18,5,11.25,12,2014
CA-2011-131310,12-07-2011,18-07-2011,ClayLudtke@gmail.com,"United States,Seattle,Washington",Chairs,"Safco Chair Connectors, 6/Carton",123.14,4.00,13.85,6,11.25,7,2011
US-2011-112872,06-12-2011,11-12-2011,RyanCrowe@gmail.com,"United States,Springfield,Oregon",Storage,File Shuttle I and Handi-File,53.42,3.00,4.67,5,8.75,12,2011
CA-2013-139010,21-02-2013,26-02-2013,MatthewClasen@gmail.com,"United States,Los Angeles,California",Accessories,SanDisk Ultra 16 GB MicroSDHC Class 10 Memory Card,12.99,1.00,0.78,5,6,2,2013
CA-2013-112893,10-09-2013,14-09-2013,AnnieThurman@gmail.com,"United States,Stockton,California",Binders,VariCap6 Expandable Binder,55.36,4.00,18.68,4,33.75,9,2013
US-2011-150532,14-07-2011,21-07-2011,PhilipBrown@gmail.com,"United States,Phoenix,Arizona",Storage,Eldon Fold 'N Roll Cart System,55.92,5.00,6.29,7,11.25,7,2011
CA-2011-130729,24-10-2011,29-10-2011,AllenArmold@gmail.com,"United States,Rancho Cucamonga,California",Binders,Avery Premier Heavy-Duty Binder with Round Locking Rings,34.27,3.00,11.14,5,32.5,10,2011
CA-2014-134845,18-04-2014,24-04-2014,SharelleRoach@gmail.com,"United States,Louisville,Colorado",Binders,Insertable Tab Post Binder Dividers,12.03,5.00,-9.22,6,-76.66666667,4,2014
CA-2012-123568,08-11-2012,14-11-2012,SanjitChand@gmail.com,"United States,West Jordan,Utah",Fasteners,Alliance Rubber Bands,5.04,3.00,0.20,6,4,11,2012
CA-2011-106719,24-08-2011,24-08-2011,RobertBarroso@gmail.com,"United States,Billings,Montana",Binders,"SlimView Poly Binder, 3/8""",8.29,2.00,2.69,0,32.5,8,2011
US-2013-164189,25-03-2013,29-03-2013,DanReichenbach@gmail.com,"United States,Gresham,Oregon",Phones,BlackBerry Q10,403.17,4.00,25.20,4,6.25,3,2013
US-2013-114293,22-11-2013,27-11-2013,JustinHirsh@gmail.com,"United States,Gresham,Oregon",Chairs,Novimex Fabric Task Chair,195.14,4.00,-12.20,5,-6.25,11,2013
CA-2014-101749,04-10-2014,09-10-2014,AaronSmayling@gmail.com,"United States,Pasadena,California",Tables,"Lesro Sheffield Collection Coffee Table, End Table, Center Table, Corner Table",171.29,3.00,-6.42,5,-3.75,10,2014
CA-2014-149559,12-09-2014,13-09-2014,KarenFerguson@gmail.com,"United States,Long Beach,California",Paper,Xerox 1996,12.96,2.00,6.22,1,48,9,2014
CA-2011-137351,30-09-2011,04-10-2011,DougBickford@gmail.com,"United States,Seattle,Washington",Binders,DXL Angle-View Binders with Locking Rings by Samsill,43.18,7.00,13.49,4,31.25,9,2011
US-2014-148054,07-10-2014,12-10-2014,NickZandusky@gmail.com,"United States,Meridian,Idaho",Furnishings,36X48 HARDFLOOR CHAIRMAT,41.96,2.00,2.94,5,7,10,2014
CA-2014-131492,20-10-2014,25-10-2014,HilaryHolden@gmail.com,"United States,San Francisco,California",Envelopes,Ampad #10 Peel & Seel Holiday Envelopes,8.96,2.00,4.30,5,48,10,2014
CA-2014-106859,14-03-2014,19-03-2014,BenjaminFarhat@gmail.com,"United States,Albuquerque,New Mexico",Storage,"SimpliFile Personal File, Black Granite, 15w x 6-15/16d x 11-1/4h",90.80,8.00,25.42,5,28,3,2014
CA-2013-125206,03-01-2013,05-01-2013,LenaRadford@gmail.com,"United States,Los Angeles,California",Storage,Recycled Steel Personal File for Hanging File Folders,114.46,2.00,28.62,2,25,1,2013
CA-2012-126137,03-10-2012,08-10-2012,BruceStewart@gmail.com,"United States,Los Angeles,California",Bookcases,"Safco Value Mate Series Steel Bookcases, Baked Enamel Finish on Steel, Gray",120.67,2.00,18.45,5,15.29411765,10,2012
CA-2011-104780,21-05-2011,25-05-2011,BradleyTalbott@gmail.com,"United States,San Diego,California",Art,4009 Highlighters by Sanford,31.84,8.00,10.51,4,33,5,2011
CA-2014-101182,05-09-2014,06-09-2014,KatrinaBavinger@gmail.com,"United States,Apple Valley,California",Paper,Xerox 220,12.96,2.00,6.22,1,48,9,2014
CA-2013-150350,24-08-2013,31-08-2013,MaxwellSchwartz@gmail.com,"United States,Seattle,Washington",Machines,Okidata C331dn Printer,837.60,3.00,62.82,7,7.5,8,2013
CA-2011-136399,16-12-2011,17-12-2011,ChadCunningham@gmail.com,"United States,Los Angeles,California",Furnishings,"Executive Impressions 14"" Contract Wall Clock",44.46,2.00,14.67,1,33,12,2011
CA-2014-131828,12-02-2014,14-02-2014,CariSayre@gmail.com,"United States,Seattle,Washington",Chairs,"Global Leather and Oak Executive Chair, Black",963.14,4.00,108.35,2,11.25,2,2014
CA-2011-109218,30-06-2011,03-07-2011,AnthonyRawles@gmail.com,"United States,Los Angeles,California",Art,"BIC Brite Liner Highlighters, Chisel Tip",32.40,5.00,10.37,3,32,6,2011
US-2011-109036,20-12-2011,25-12-2011,KeithHerrera@gmail.com,"United States,Seattle,Washington",Labels,Avery 489,31.05,3.00,14.90,5,48,12,2011
CA-2011-128986,03-08-2011,05-08-2011,GaryHansen@gmail.com,"United States,Glendale,Arizona",Paper,White Computer Printout Paper by Universal,93.02,3.00,33.72,2,36.25,8,2011
CA-2011-153969,21-09-2011,25-09-2011,HerbertFlentye@gmail.com,"United States,San Francisco,California",Envelopes,Staples,15.56,2.00,7.31,4,47,9,2011
US-2014-132059,24-09-2014,30-09-2014,ArthurPrichep@gmail.com,"United States,Fort Collins,Colorado",Bookcases,"Atlantic Metals Mobile 5-Shelf Bookcases, Custom Colors",180.59,2.00,-240.78,6,-133.3333333,9,2014
US-2014-146416,21-10-2014,23-10-2014,JustinEllison@gmail.com,"United States,Woodland,California",Labels,Avery 510,3.75,1.00,1.80,2,48,10,2014
CA-2012-149384,10-07-2012,10-07-2012,EricHoffmann@gmail.com,"United States,Tempe,Arizona",Binders,Accohide Poly Flexible Ring Binders,3.37,3.00,-2.24,0,-66.66666667,7,2012
CA-2011-158372,10-11-2011,16-11-2011,RubenDartt@gmail.com,"United States,San Diego,California",Phones,Jabra SPEAK 410,601.54,8.00,60.15,6,10,11,2011
CA-2013-108882,09-01-2013,15-01-2013,LauraArmstrong@gmail.com,"United States,Fresno,California",Accessories,Logitech G500s Laser Gaming Mouse with Adjustable Weight Tuning,349.95,5.00,118.98,6,34,1,2013
CA-2014-150189,09-07-2014,11-07-2014,VivekGonzalez@gmail.com,"United States,San Mateo,California",Labels,Avery 485,75.18,6.00,35.33,2,47,7,2014
CA-2011-114433,13-05-2011,17-05-2011,NaresjPatel@gmail.com,"United States,Oakland,California",Accessories,Plantronics Audio 478 Stereo USB Headset,149.97,3.00,52.49,4,35,5,2011
CA-2011-108189,02-10-2011,05-10-2011,ErinSmith@gmail.com,"United States,Tempe,Arizona",Paper,"Adams Telephone Message Book W/Dividers/Space For Phone Numbers, 5 1/4""X8 1/2"", 300/Messages",9.41,2.00,3.41,3,36.25,10,2011
CA-2013-138933,25-04-2013,28-04-2013,JackLebron@gmail.com,"United States,Riverside,California",Binders,Cardinal Holdit Business Card Pockets,3.98,1.00,1.39,3,35,4,2013
US-2014-140907,11-12-2014,13-12-2014,BenPeterman@gmail.com,"United States,Seattle,Washington",Accessories,Logitech Desktop MK120 Mouse and keyboard Combo,49.08,3.00,4.91,2,10,12,2014
CA-2013-159730,18-09-2013,22-09-2013,SanjitJacobs@gmail.com,"United States,Seattle,Washington",Chairs,Harbour Creations 67200 Series Stacking Chairs,113.89,2.00,9.97,4,8.75,9,2013
CA-2013-155474,09-07-2013,15-07-2013,ChrisCortes@gmail.com,"United States,Seattle,Washington",Phones,Logitech Mobile Speakerphone P710e - speaker phone,107.98,1.00,9.45,6,8.75,7,2013
CA-2011-140662,17-11-2011,19-11-2011,ThomasSeio@gmail.com,"United States,San Francisco,California",Accessories,Case Logic 2.4GHz Wireless Keyboard,99.98,2.00,8.00,2,8,11,2011
CA-2012-155145,27-12-2012,29-12-2012,KeanNguyen@gmail.com,"United States,Visalia,California",Accessories,Maxell 4.7GB DVD-R 5/Pack,7.92,8.00,3.48,2,44,12,2012
CA-2012-146038,09-02-2012,16-02-2012,SarahJordon@gmail.com,"United States,Los Angeles,California",Chairs,"Global Deluxe Stacking Chair, Gray",203.92,5.00,22.94,7,11.25,2,2012
CA-2014-133865,09-05-2014,13-05-2014,PenelopeSewall@gmail.com,"United States,Los Angeles,California",Copiers,Canon Imageclass D680 Copier / Fax,3359.95,6.00,1049.99,4,31.25,5,2014
CA-2012-157770,13-12-2012,15-12-2012,RobDowd@gmail.com,"United States,Temecula,California",Phones,Plantronics Voyager Pro Legend,494.38,3.00,49.44,2,10,12,2012
CA-2011-106264,26-12-2011,30-12-2011,ClytieKelty@gmail.com,"United States,San Diego,California",Supplies,Acme Rosewood Handle Letter Opener,11.91,3.00,0.12,4,1,12,2011
US-2012-110569,23-05-2012,30-05-2012,EmilyBurns@gmail.com,"United States,Phoenix,Arizona",Binders,Cardinal EasyOpen D-Ring Binders,19.19,7.00,-12.80,7,-66.66666667,5,2012
CA-2014-136308,17-11-2014,17-11-2014,MitchWillingham@gmail.com,"United States,San Francisco,California",Machines,Bady BDG101FRU Card Printer,1919.98,3.00,216.00,0,11.25,11,2014
US-2011-133130,27-09-2011,01-10-2011,TheaHendricks@gmail.com,"United States,San Diego,California",Chairs,DMI Arturo Collection Mission-style Design Wood Chair,603.92,5.00,45.29,4,7.5,9,2011
CA-2012-165057,11-09-2012,15-09-2012,StevenCartwright@gmail.com,"United States,Redlands,California",Art,Boston 19500 Mighty Mite Electric Pencil Sharpener,181.35,9.00,48.96,4,27,9,2012
US-2014-109253,22-08-2014,23-08-2014,PatrickRyan@gmail.com,"United States,Oakland,California",Art,Newell 336,17.12,4.00,4.96,1,29,8,2014
CA-2012-112011,13-08-2012,20-08-2012,OdellaNelson@gmail.com,"United States,Yucaipa,California",Art,50 Colored Long Pencils,50.80,5.00,13.21,7,26,8,2012
US-2013-157308,18-08-2013,22-08-2013,NeomaMurray@gmail.com,"United States,Seattle,Washington",Binders,"Acco Pressboard Covers with Storage Hooks, 14 7/8"" x 11"", Light Blue",15.71,4.00,5.70,4,36.25,8,2013
US-2011-134733,23-09-2011,28-09-2011,BrianMoss@gmail.com,"United States,San Diego,California",Bookcases,"Rush Hierlooms Collection 1"" Thick Stackable Bookcases",436.00,3.00,20.52,5,4.705882353,9,2011
CA-2011-115161,01-02-2011,03-02-2011,LizCarlisle@gmail.com,"United States,Mission Viejo,California",Bookcases,"Sauder Facets Collection Library, Sky Alder Finish",290.67,2.00,3.42,2,1.176470588,2,2011
CA-2012-115511,21-11-2012,25-11-2012,NatalieWebber@gmail.com,"United States,Las Vegas,Nevada",Bookcases,"Hon Metal Bookcases, Putty",141.96,2.00,41.17,4,29,11,2012
CA-2014-123778,24-09-2014,01-10-2014,BruceStewart@gmail.com,"United States,San Francisco,California",Binders,"Acco PRESSTEX Data Binder with Storage Hooks, Light Blue, 9 1/2"" X 11""",25.82,6.00,9.04,7,35,9,2014
CA-2011-166471,09-08-2011,13-08-2011,MatthewGrinstein@gmail.com,"United States,Seattle,Washington",Phones,Cisco Unified IP Phone 7945G VoIP phone,1091.17,4.00,68.20,4,6.25,8,2011
CA-2012-152527,17-10-2012,17-10-2012,CharlotteMelton@gmail.com,"United States,Los Angeles,California",Storage,"Eldon Base for stackable storage shelf, platinum",77.88,2.00,3.89,0,5,10,2012
CA-2013-100244,21-09-2013,25-09-2013,GregMaxwell@gmail.com,"United States,San Francisco,California",Paper,Strathmore Photo Frame Cards,65.79,9.00,30.26,4,46,9,2013
CA-2012-151841,27-04-2012,02-05-2012,TonyChapman@gmail.com,"United States,Aurora,Colorado",Appliances,Belkin 6 Outlet Metallic Surge Strip,43.56,5.00,3.27,5,7.5,4,2012
CA-2013-134803,29-05-2013,04-06-2013,ClayLudtke@gmail.com,"United States,Los Angeles,California",Appliances,Kensington 7 Outlet MasterPiece HOMEOFFICE Power Control Center,262.24,2.00,78.67,6,30,5,2013
CA-2014-148264,09-12-2014,10-12-2014,LukeFoster@gmail.com,"United States,Inglewood,California",Storage,Akro-Mils 12-Gallon Tote,29.79,3.00,8.64,1,29,12,2014
CA-2014-131212,06-12-2014,10-12-2014,AlanBarnes@gmail.com,"United States,Bellevue,Washington",Binders,GBC Wire Binding Combs,24.82,3.00,8.38,4,33.75,12,2014
CA-2012-144099,29-11-2012,30-11-2012,PhillinaOber@gmail.com,"United States,San Francisco,California",Binders,"Acco PRESSTEX Data Binder with Storage Hooks, Dark Blue, 14 7/8"" X 11""",4.30,1.00,1.56,1,36.25,11,2012
CA-2013-162614,08-10-2013,14-10-2013,TimBrockman@gmail.com,"United States,Los Angeles,California",Binders,GBC Recycled VeloBinder Covers,27.26,2.00,8.86,6,32.5,10,2013
CA-2011-168592,08-09-2011,14-09-2011,DennisPardue@gmail.com,"United States,San Francisco,California",Appliances,"Holmes Replacement Filter for HEPA Air Cleaner, Medium Room",56.65,5.00,24.36,6,43,9,2011
US-2013-150035,02-12-2013,06-12-2013,CarlLudwig@gmail.com,"United States,San Francisco,California",Furnishings,Westinghouse Clip-On Gooseneck Lamps,16.74,2.00,4.35,4,26,12,2013
CA-2011-143385,31-08-2011,05-09-2011,ShirleyJackson@gmail.com,"United States,Santa Fe,New Mexico",Accessories,KeyTronic KT400U2 - Keyboard - Black,92.52,9.00,18.50,5,20,8,2011
CA-2013-131289,09-12-2013,15-12-2013,StefaniaPerrino@gmail.com,"United States,San Francisco,California",Art,Newell 341,8.56,2.00,2.48,6,29,12,2013
CA-2013-107328,09-08-2013,16-08-2013,CathyArmstrong@gmail.com,"United States,Los Angeles,California",Tables,"Chromcraft 48"" x 96"" Racetrack Double Pedestal Table",513.02,2.00,12.83,7,2.5,8,2013
CA-2012-168767,10-04-2012,15-04-2012,DarioMedina@gmail.com,"United States,Sacramento,California",Binders,Insertable Tab Post Binder Dividers,12.83,2.00,4.33,5,33.75,4,2012
CA-2013-137673,06-09-2013,11-09-2013,MarinaLichtenstein@gmail.com,"United States,San Diego,California",Accessories,HP Standard 104 key PS/2 Keyboard,116.00,8.00,29.00,5,25,9,2013
CA-2013-130680,25-06-2013,30-06-2013,BillDonatelli@gmail.com,"United States,San Diego,California",Phones,Macally Suction Cup Mount,38.24,4.00,-9.56,5,-25,6,2013
CA-2011-110849,18-04-2011,23-04-2011,JohnLee@gmail.com,"United States,Los Angeles,California",Machines,Ativa MDM8000 8-Sheet Micro-Cut Shredder,287.97,4.00,97.19,5,33.75,4,2011
CA-2011-120838,23-03-2011,26-03-2011,PatrickO'Donnell@gmail.com,"United States,Los Angeles,California",Storage,Economy Rollaway Files,330.40,2.00,85.90,3,26,3,2011
CA-2014-118542,02-12-2014,06-12-2014,ClayCheatham@gmail.com,"United States,Los Angeles,California",Paper,Xerox 1905,45.36,7.00,21.77,4,48,12,2014
CA-2014-152737,08-11-2014,13-11-2014,TonySayre@gmail.com,"United States,San Francisco,California",Binders,Avery Self-Adhesive Photo Pockets for Polaroid Photos,21.79,4.00,7.63,5,35,11,2014
CA-2013-130029,04-07-2013,07-07-2013,GuyThornton@gmail.com,"United States,Los Angeles,California",Paper,Xerox 200,12.96,2.00,6.22,3,48,7,2013
CA-2014-168109,04-07-2014,04-07-2014,JimKriz@gmail.com,"United States,Seattle,Washington",Accessories,Logitech 910-002974 M325 Wireless Mouse for Web Scrolling,59.98,2.00,26.39,0,44,7,2014
CA-2013-103163,08-06-2013,12-06-2013,FrankMerwin@gmail.com,"United States,Bakersfield,California",Binders,Avery Hanging File Binders,4.78,1.00,1.55,4,32.5,6,2013
CA-2014-161823,04-09-2014,09-09-2014,AleksandraGannaway@gmail.com,"United States,San Francisco,California",Art,"Premium Writing Pencils, Soft, #2 by Central Association for the Blind",5.96,2.00,1.67,5,28,9,2014
CA-2014-138310,27-06-2014,01-07-2014,NoraPreis@gmail.com,"United States,Denver,Colorado",Accessories,Kensington Orbit Wireless Mobile Trackball for PC and Mac,431.93,9.00,64.79,4,15,6,2014
CA-2014-141929,05-09-2014,09-09-2014,RalphArnett@gmail.com,"United States,Los Angeles,California",Binders,Ibico Hi-Tech Manual Binding System,487.98,2.00,152.50,4,31.25,9,2014
CA-2014-113530,20-05-2014,22-05-2014,BeckyCastell@gmail.com,"United States,San Francisco,California",Chairs,"Situations Contoured Folding Chairs, 4/Set",681.41,12.00,42.59,2,6.25,5,2014
CA-2011-169726,09-08-2011,13-08-2011,JosephHolt@gmail.com,"United States,Seattle,Washington",Binders,Ibico Ibimaster 300 Manual Binding System,2060.74,7.00,643.98,4,31.25,8,2011
CA-2014-132178,04-05-2014,09-05-2014,DarrenBudd@gmail.com,"United States,Los Angeles,California",Storage,"Multi-Use Personal File Cart and Caster Set, Three Stacking Bins",69.52,2.00,19.47,5,28,5,2014
CA-2011-156594,20-12-2011,23-12-2011,MichaelChen@gmail.com,"United States,Los Angeles,California",Binders,Ibico Hi-Tech Manual Binding System,487.98,2.00,152.50,3,31.25,12,2011
CA-2011-146528,25-07-2011,27-07-2011,VickyFreymann@gmail.com,"United States,Los Angeles,California",Paper,Xerox 1966,6.48,1.00,3.18,2,49,7,2011
CA-2013-161676,19-07-2013,24-07-2013,JenniferPatt@gmail.com,"United States,Glendale,Arizona",Supplies,"Elite 5"" Scissors",33.80,5.00,4.23,5,12.5,7,2013
CA-2011-129364,08-12-2011,13-12-2011,TimBrockman@gmail.com,"United States,Salem,Oregon",Labels,Avery 499,27.89,7.00,9.06,5,32.5,12,2011
CA-2012-156440,05-12-2012,09-12-2012,MattHagelstein@gmail.com,"United States,San Diego,California",Furnishings,"Executive Impressions 14"" Contract Wall Clock",44.46,2.00,14.67,4,33,12,2012
CA-2013-102792,14-12-2013,20-12-2013,JasperCacioppo@gmail.com,"United States,Riverside,California",Art,Crayola Colored Pencils,9.84,3.00,3.25,6,33,12,2013
CA-2014-140760,03-06-2014,06-06-2014,DennyOrdway@gmail.com,"United States,Mesa,Arizona",Paper,Xerox 4200 Series MultiUse Premium Copy Paper (20Lb. and 84 Bright),25.34,6.00,7.92,3,31.25,6,2014
US-2012-131359,30-10-2012,02-11-2012,FrankAtkinson@gmail.com,"United States,Denver,Colorado",Machines,Lexmark S315 Color Inkjet Printer,59.99,2.00,-46.00,3,-76.66666667,10,2012
CA-2012-151680,19-11-2012,21-11-2012,TonyChapman@gmail.com,"United States,Seattle,Washington",Furnishings,"Tenex V2T-RE Standard Weight Series Chair Mat, 45"" x 53"", Lip 25"" x 12""",141.96,2.00,22.71,2,16,11,2012
CA-2011-140039,13-09-2011,17-09-2011,OdellaNelson@gmail.com,"United States,Tempe,Arizona",Storage,Eldon File Chest Portable File,79.40,5.00,5.96,4,7.5,9,2011
CA-2014-113670,16-10-2014,18-10-2014,RolandSchwarz@gmail.com,"United States,Los Angeles,California",Tables,Bush Advantage Collection Round Conference Table,510.24,3.00,6.38,2,1.25,10,2014
CA-2014-166198,22-04-2014,25-04-2014,JoniWasserman@gmail.com,"United States,Seattle,Washington",Accessories,"Verbatim Slim CD and DVD Storage Cases, 50/Pack",11.54,1.00,3.46,3,30,4,2014
CA-2011-135608,08-12-2011,10-12-2011,JimKarlsson@gmail.com,"United States,Olympia,Washington",Paper,Xerox 1964,45.68,2.00,21.01,2,46,12,2011
US-2011-169789,30-12-2011,04-01-2012,MaureenFritzler@gmail.com,"United States,Phoenix,Arizona",Binders,Ibico Ibimaster 300 Manual Binding System,551.99,5.00,-459.99,5,-83.33333333,12,2011
CA-2013-151512,27-12-2013,03-01-2014,SallyHughsby@gmail.com,"United States,Denver,Colorado",Appliances,Harmony HEPA Quiet Air Purifiers,18.72,2.00,3.51,7,18.75,12,2013
CA-2014-161956,28-08-2014,30-08-2014,DanReichenbach@gmail.com,"United States,Inglewood,California",Furnishings,"GE 48"" Fluorescent Tube, Cool White Energy Saver, 34 Watts, 30/Box",198.46,2.00,99.23,2,50,8,2014
CA-2012-167745,18-09-2012,23-09-2012,GeorgeBell@gmail.com,"United States,Los Angeles,California",Art,"Quartet Omega Colored Chalk, 12/Pack",11.68,2.00,5.49,5,47,9,2012
CA-2013-155530,18-12-2013,22-12-2013,CharlesMcCrossin@gmail.com,"United States,San Francisco,California",Tables,Bretford Just In Time Height-Adjustable Multi-Task Work Tables,2003.52,6.00,-325.57,4,-16.25,12,2013
CA-2012-107937,03-05-2012,08-05-2012,JuliaBarnett@gmail.com,"United States,Chula Vista,California",Furnishings,"Rubbermaid ClusterMat Chairmats, Mat Size- 66"" x 60"", Lip 20"" x 11"" -90 Degree Angle",665.88,6.00,106.54,5,16,5,2012
CA-2013-144218,01-11-2013,05-11-2013,JonathanDoherty@gmail.com,"United States,Los Angeles,California",Storage,"Dual Level, Single-Width Filing Carts",1085.42,7.00,282.21,4,26,11,2013
CA-2011-107139,05-07-2011,11-07-2011,DennisPardue@gmail.com,"United States,Los Angeles,California",Binders,Vinyl Sectional Post Binders,180.96,6.00,67.86,6,37.5,7,2011
US-2011-117163,28-01-2011,03-02-2011,EdJacobs@gmail.com,"United States,San Diego,California",Storage,Recycled Steel Personal File for Hanging File Folders,57.23,1.00,14.31,6,25,1,2011
CA-2011-100363,08-04-2011,15-04-2011,JimMitchum@gmail.com,"United States,Glendale,Arizona",Fasteners,Binder Clips by OIC,2.37,2.00,0.83,7,35,4,2011
CA-2011-126760,26-07-2011,02-08-2011,KunstMiller@gmail.com,"United States,North Las Vegas,Nevada",Phones,Apple iPhone 5S,911.98,2.00,114.00,7,12.5,7,2011
CA-2011-101931,28-10-2011,31-10-2011,ToddSumrall@gmail.com,"United States,Los Angeles,California",Binders,Avery Non-Stick Binders,7.18,2.00,2.25,3,31.25,10,2011
US-2014-131849,07-06-2014,11-06-2014,GaryHansen@gmail.com,"United States,San Francisco,California",Furnishings,"Eldon 300 Class Desk Accessories, Black",4.95,1.00,2.18,4,44,6,2014
CA-2011-140816,20-12-2011,20-12-2011,TobyCarlisle@gmail.com,"United States,Thornton,Colorado",Accessories,Logitech G430 Surround Sound Gaming Headset with Dolby 7.1 Technology,447.94,7.00,89.59,0,20,12,2011
CA-2014-123246,18-10-2014,20-10-2014,AstreaJones@gmail.com,"United States,San Diego,California",Art,Economy #2 Pencils,10.64,4.00,2.77,2,26,10,2014
CA-2011-124709,27-07-2011,29-07-2011,GiuliettaWeimer@gmail.com,"United States,San Francisco,California",Accessories,WD My Passport Ultra 2TB Portable External Hard Drive,238.00,2.00,38.08,2,16,7,2011
CA-2012-132486,23-10-2012,27-10-2012,JayFein@gmail.com,"United States,San Diego,California",Accessories,Maxell DVD-RAM Discs,148.32,9.00,63.78,4,43,10,2012
CA-2012-129896,15-06-2012,20-06-2012,PeterFuller@gmail.com,"United States,Gilbert,Arizona",Paper,Xerox 1895,9.57,2.00,2.99,5,31.25,6,2012
US-2013-163881,25-11-2013,01-12-2013,SungPak@gmail.com,"United States,Los Angeles,California",Accessories,Plantronics CS510 - Over-the-Head monaural Wireless Headset System,659.90,2.00,217.77,6,33,11,2013
US-2012-119312,02-10-2012,07-10-2012,ChristopherSchild@gmail.com,"United States,Los Angeles,California",Storage,Eldon ProFile File 'N Store Portable File Tub Letter/Legal Size Black,270.34,14.00,75.70,5,28,10,2012
US-2014-142573,19-07-2014,24-07-2014,MarisLaWare@gmail.com,"United States,Phoenix,Arizona",Tables,"Chromcraft 48"" x 96"" Racetrack Double Pedestal Table",801.60,5.00,-448.90,5,-56,7,2014
CA-2011-103940,17-09-2011,21-09-2011,BradleyNguyen@gmail.com,"United States,Seattle,Washington",Storage,Eldon Gobal File Keepers,30.28,2.00,1.21,4,4,9,2011
CA-2014-123001,03-09-2014,09-09-2014,AnthonyWitt@gmail.com,"United States,Bakersfield,California",Art,"OIC #2 Pencils, Medium Soft",9.40,5.00,2.73,6,29,9,2014
CA-2013-133144,17-05-2013,22-05-2013,DennyOrdway@gmail.com,"United States,Los Angeles,California",Paper,Xerox 196,17.34,3.00,8.50,5,49,5,2013
US-2013-151862,02-03-2013,09-03-2013,OdellaNelson@gmail.com,"United States,Denver,Colorado",Phones,RCA ViSYS 25423RE1 Corded phone,159.98,2.00,14.00,7,8.75,3,2013
CA-2013-114951,27-06-2013,04-07-2013,DuaneNoonan@gmail.com,"United States,San Francisco,California",Furnishings,"Eldon Expressions Wood Desk Accessories, Oak",22.14,3.00,6.42,7,29,6,2013
CA-2014-134838,20-02-2014,21-02-2014,EmilyDucich@gmail.com,"United States,Los Angeles,California",Art,Newell 320,12.84,3.00,3.47,1,27,2,2014
CA-2013-146010,21-05-2013,24-05-2013,EugeneHildebrand@gmail.com,"United States,Colorado Springs,Colorado",Binders,GBC Durable Plastic Covers,40.64,7.00,-32.51,3,-80,5,2013
CA-2011-135090,22-11-2011,26-11-2011,SusanPistek@gmail.com,"United States,Los Angeles,California",Paper,Xerox 1895,53.82,9.00,24.22,4,45,11,2011
CA-2014-101308,03-10-2014,08-10-2014,FrankGastineau@gmail.com,"United States,Seattle,Washington",Fasteners,Staples,8.94,3.00,4.11,5,46,10,2014
CA-2014-119564,16-12-2014,21-12-2014,PaulLucas@gmail.com,"United States,Seattle,Washington",Furnishings,"Master Giant Foot Doorstop, Safety Yellow",22.77,3.00,9.79,5,43,12,2014
CA-2013-135265,08-07-2013,10-07-2013,ChristopherConant@gmail.com,"United States,Los Angeles,California",Chairs,"Global Leather Task Chair, Black",287.97,4.00,-3.60,2,-1.25,7,2013
CA-2013-108735,18-04-2013,22-04-2013,JessicaMyrick@gmail.com,"United States,Lakewood,California",Bookcases,"Bush Westfield Collection Bookcases, Fully Assembled",257.50,3.00,24.24,4,9.411764706,4,2013
CA-2011-116834,11-10-2011,16-10-2011,Deanpercer@gmail.com,"United States,Seattle,Washington",Furnishings,DAX Cubicle Frames - 8x10,63.47,11.00,19.04,5,30,10,2011
CA-2012-107468,18-12-2012,22-12-2012,MichaelKennedy@gmail.com,"United States,Louisville,Colorado",Art,Newell 320,6.85,2.00,0.60,4,8.75,12,2012
CA-2014-144463,02-01-2014,06-01-2014,StevenCartwright@gmail.com,"United States,Los Angeles,California",Furnishings,"Howard Miller 11-1/2"" Diameter Brentwood Wall Clock",474.43,11.00,199.26,4,42,1,2014
CA-2014-130764,28-10-2014,29-10-2014,JackO'Briant@gmail.com,"United States,San Francisco,California",Bookcases,"O'Sullivan Elevations Bookcase, Cherry Finish",556.67,5.00,6.55,1,1.176470588,10,2014
CA-2013-169957,27-09-2013,01-10-2013,SteveNguyen@gmail.com,"United States,Covington,Washington",Appliances,Belkin 7 Outlet SurgeMaster II,236.88,6.00,66.33,4,28,9,2013
CA-2011-110786,29-12-2011,02-01-2012,AnthonyJohnson@gmail.com,"United States,San Francisco,California",Furnishings,Stacking Trays by OIC,24.90,5.00,8.22,4,33,12,2011
CA-2012-137750,25-06-2012,30-06-2012,JillFjeld@gmail.com,"United States,San Francisco,California",Furnishings,Dana Halogen Swing-Arm Architect Lamp,204.85,5.00,57.36,5,28,6,2012
CA-2012-124058,20-11-2012,24-11-2012,LenaCreighton@gmail.com,"United States,Oakland,California",Phones,Gear Head AU3700S Headset,72.74,7.00,-15.46,4,-21.25,11,2012
US-2012-138716,17-09-2012,20-09-2012,CariSayre@gmail.com,"United States,Seattle,Washington",Binders,"Acco Data Flex Cable Posts For Top & Bottom Load Binders, 6"" Capacity",25.03,3.00,7.82,3,31.25,9,2012
CA-2013-140417,26-09-2013,30-09-2013,KatrinaEdelman@gmail.com,"United States,Tigard,Oregon",Paper,"REDIFORM Incoming/Outgoing Call Register, 11"" X 8 1/2"", 100 Messages",60.05,9.00,22.52,4,37.5,9,2013
CA-2014-163692,08-09-2014,10-09-2014,Deanpercer@gmail.com,"United States,Phoenix,Arizona",Binders,Wilson Jones Leather-Like Binders with DublLock Round Rings,7.86,3.00,-6.02,2,-76.66666667,9,2014
CA-2013-111913,05-08-2013,07-08-2013,LindaCazamias@gmail.com,"United States,Sacramento,California",Phones,Mitel 5320 IP Phone VoIP phone,302.38,2.00,30.24,2,10,8,2013
US-2014-155999,08-08-2014,14-08-2014,JayKimmel@gmail.com,"United States,San Diego,California",Phones,GE DSL Phone Line Filter,159.96,5.00,18.00,6,11.25,8,2014
CA-2013-163573,25-11-2013,28-11-2013,AmyCox@gmail.com,"United States,Seattle,Washington",Binders,Ibico Hi-Tech Manual Binding System,1219.96,5.00,381.24,3,31.25,11,2013
CA-2012-153416,24-11-2012,29-11-2012,TobySwindell@gmail.com,"United States,Los Angeles,California",Binders,Avery Reinforcements for Hole-Punch Pages,3.17,2.00,0.99,5,31.25,11,2012
CA-2014-133823,12-05-2014,13-05-2014,LizPelletier@gmail.com,"United States,Seattle,Washington",Paper,"Ampad Phone Message Book, Recycled, 400 Message Capacity, 5 ¾ x 11",37.44,6.00,16.85,1,45,5,2014
CA-2012-121272,29-03-2012,04-04-2012,DennyOrdway@gmail.com,"United States,Seattle,Washington",Appliances,Acco 6 Outlet Guardian Premium Plus Surge Suppressor,73.28,4.00,21.25,6,29,3,2012
CA-2014-105914,03-10-2014,09-10-2014,PaulVanHugh@gmail.com,"United States,Los Angeles,California",Binders,"Performers Binder/Pad Holder, Black",112.12,5.00,42.05,6,37.5,10,2014
CA-2014-112725,31-01-2014,07-02-2014,EugeneHildebrand@gmail.com,"United States,San Francisco,California",Art,"Crayola Anti Dust Chalk, 12/Pack",12.74,7.00,5.73,7,45,1,2014
US-2014-106131,15-01-2014,17-01-2014,TracyPoddar@gmail.com,"United States,Aurora,Colorado",Accessories,Imation 8GB Mini TravelDrive USB 2.0 Flash Drive,169.06,7.00,-14.79,2,-8.75,1,2014
CA-2011-157924,11-10-2011,13-10-2011,HelenAndreada@gmail.com,"United States,Pasadena,California",Storage,Iris Project Case,31.92,4.00,8.30,2,26,10,2011
CA-2012-100216,13-04-2012,14-04-2012,HeatherJas@gmail.com,"United States,Mesa,Arizona",Paper,Xerox 210,31.10,6.00,10.89,1,35,4,2012
CA-2014-100601,17-11-2014,21-11-2014,JayKimmel@gmail.com,"United States,Fresno,California",Storage,Eldon Shelf Savers Cubes and Bins,48.86,7.00,0.98,4,2,11,2014
CA-2012-154340,29-11-2012,30-11-2012,EileenKiefer@gmail.com,"United States,Santa Ana,California",Art,"Boston Electric Pencil Sharpener, Model 1818, Charcoal Black",56.30,2.00,15.76,1,28,11,2012
CA-2013-148593,17-06-2013,19-06-2013,BillDonatelli@gmail.com,"United States,Los Angeles,California",Paper,"Wirebound Message Books, Four 2 3/4"" x 5"" Forms per Page, 600 Sets per Book",46.35,5.00,21.78,2,47,6,2013
US-2014-119039,07-03-2014,11-03-2014,BenFerrer@gmail.com,"United States,San Francisco,California",Binders,Economy Binders,14.98,9.00,5.43,4,36.25,3,2014
CA-2012-150875,16-11-2012,20-11-2012,HeatherKirkland@gmail.com,"United States,Boise,Idaho",Tables,Bretford CR4500 Series Slim Rectangular Table,696.42,2.00,160.18,4,23,11,2012
CA-2012-154200,18-06-2012,22-06-2012,BruceGeld@gmail.com,"United States,San Diego,California",Art,"BOSTON Ranger #55 Pencil Sharpener, Black",51.98,2.00,15.07,4,29,6,2012
CA-2013-124233,09-04-2013,15-04-2013,ClytieKelty@gmail.com,"United States,Los Angeles,California",Furnishings,"C-Line Magnetic Cubicle Keepers, Clear Polypropylene",24.70,5.00,10.37,6,42,4,2013
CA-2012-111234,18-02-2012,22-02-2012,AnnBlume@gmail.com,"United States,Los Angeles,California",Labels,Smead Alpha-Z Color-Coded Second Alphabetical Labels and Starter Set,9.24,3.00,4.44,4,48,2,2012
CA-2014-149881,02-04-2014,04-04-2014,NickCrebassa@gmail.com,"United States,San Francisco,California",Bookcases,"Safco Value Mate Steel Bookcase, Baked Enamel Finish on Steel, Black",482.66,8.00,85.18,2,17.64705882,4,2014
CA-2014-134565,12-06-2014,14-06-2014,TomBoeckenhauer@gmail.com,"United States,Seattle,Washington",Paper,Xerox 1939,37.94,2.00,18.21,2,48,6,2014
CA-2012-154970,05-01-2012,10-01-2012,StevenRoelle@gmail.com,"United States,Seattle,Washington",Chairs,Global Deluxe Steno Chair,61.58,1.00,-6.93,5,-11.25,1,2012
CA-2014-147144,27-03-2014,29-03-2014,MariaZettner@gmail.com,"United States,Seattle,Washington",Art,"Boston 1827 Commercial Additional Cutter, Drive Gear & Gear Rack for 1606",19.83,1.00,5.95,2,30,3,2014
CA-2011-133704,20-09-2011,26-09-2011,MichelleArnett@gmail.com,"United States,Los Angeles,California",Appliances,Staples,43.92,4.00,11.86,6,27,9,2011
CA-2011-138436,26-03-2011,30-03-2011,JonathanDoherty@gmail.com,"United States,Los Angeles,California",Accessories,SanDisk Ultra 32 GB MicroSDHC Class 10 Memory Card,66.30,3.00,8.62,4,13,3,2011
CA-2012-101924,04-09-2012,09-09-2012,KenBlack@gmail.com,"United States,Medford,Oregon",Binders,"Acco Flexible ACCOHIDE Square Ring Data Binder, Dark Blue, 11 1/2"" X 14"" 7/8""",9.76,2.00,-6.83,5,-70,9,2012
CA-2013-124793,15-03-2013,17-03-2013,MuhammedMacIntyre@gmail.com,"United States,Seattle,Washington",Chairs,"Global High-Back Leather Tilter, Burgundy",196.78,2.00,-22.14,2,-11.25,3,2013
US-2014-124821,26-06-2014,30-06-2014,AnneMcFarland@gmail.com,"United States,Seattle,Washington",Tables,"Chromcraft Bull-Nose Wood Round Conference Table Top, Wood Base",871.40,4.00,148.14,4,17,6,2014
US-2014-158505,22-07-2014,22-07-2014,SarahFoster@gmail.com,"United States,Murray,Utah",Phones,PayAnywhere Card Reader,71.93,9.00,6.29,0,8.75,7,2014
CA-2012-142692,23-10-2012,28-10-2012,AndrewGjertsen@gmail.com,"United States,Seattle,Washington",Binders,Avery Non-Stick Binders,3.59,1.00,1.12,5,31.25,10,2012
CA-2014-151358,19-08-2014,23-08-2014,NicoleFjeld@gmail.com,"United States,Seattle,Washington",Storage,Fellowes Super Stor/Drawer Files,323.10,2.00,61.39,4,19,8,2014
CA-2014-102407,10-12-2014,14-12-2014,AlyssaTate@gmail.com,"United States,Los Angeles,California",Art,Newell 314,11.16,2.00,2.79,4,25,12,2014
CA-2014-101581,23-10-2014,28-10-2014,DavidWiener@gmail.com,"United States,Redmond,Oregon",Tables,KI Conference Tables,177.23,5.00,-120.51,5,-68,10,2014
CA-2014-169124,04-07-2014,11-07-2014,MariaBertelson@gmail.com,"United States,Citrus Heights,California",Furnishings,"Howard Miller 11-1/2"" Diameter Brentwood Wall Clock",129.39,3.00,54.34,7,42,7,2014
CA-2014-117261,05-09-2014,11-09-2014,TiffanyHouse@gmail.com,"United States,Los Angeles,California",Storage,"Rogers Jumbo File, Granite",54.32,4.00,0.54,6,1,9,2014
CA-2011-162278,26-10-2011,30-10-2011,AngeleHood@gmail.com,"United States,Seattle,Washington",Furnishings,Tenex Chairmats For Use With Carpeted Floors,63.92,4.00,3.20,4,5,10,2011
CA-2013-161095,29-06-2013,29-06-2013,ChrisSelesnick@gmail.com,"United States,Los Angeles,California",Binders,Recycled Pressboard Report Cover with Reinforced Top Hinge,7.75,3.00,2.81,0,36.25,6,2013
CA-2011-125829,04-11-2011,11-11-2011,WilliamBrown@gmail.com,"United States,Los Angeles,California",Phones,Polycom SoundPoint Pro SE-225 Corded phone,666.34,7.00,66.63,7,10,11,2011
CA-2012-115945,25-06-2012,01-07-2012,AlanBarnes@gmail.com,"United States,Los Angeles,California",Art,Staples,20.96,2.00,5.24,6,25,6,2012
CA-2012-136735,26-07-2012,02-08-2012,HelenAndreada@gmail.com,"United States,San Francisco,California",Envelopes,Airmail Envelopes,167.86,2.00,78.89,7,47,7,2012
CA-2011-152345,29-12-2011,03-01-2012,ShuiTom@gmail.com,"United States,Albuquerque,New Mexico",Phones,Mediabridge Sport Armband iPhone 5s,23.98,3.00,-5.69,5,-23.75,12,2011
CA-2014-107909,02-09-2014,07-09-2014,SungShariari@gmail.com,"United States,Redmond,Washington",Accessories,Logitech LS21 Speaker System - PC Multimedia - 2.1-CH - Wired,19.99,1.00,6.80,5,34,9,2014
CA-2012-154795,20-12-2012,24-12-2012,GaryZandusky@gmail.com,"United States,Bullhead City,Arizona",Envelopes,#6 3/4 Gummed Flap White Envelopes,7.92,1.00,2.77,4,35,12,2012
CA-2012-125234,27-11-2012,01-12-2012,SteveNguyen@gmail.com,"United States,Los Angeles,California",Accessories,Sony 64GB Class 10 Micro SDHC R40 Memory Card,107.97,3.00,22.67,4,21,11,2012
CA-2014-105410,20-03-2014,23-03-2014,NatalieDeCherney@gmail.com,"United States,San Francisco,California",Binders,"ACCOHIDE 3-Ring Binder, Blue, 1""",19.82,6.00,6.69,3,33.75,3,2014
CA-2014-169894,25-11-2014,30-11-2014,MarkVanHuff@gmail.com,"United States,Mesa,Arizona",Binders,GBC Recycled Grain Textured Covers,20.72,2.00,-15.20,5,-73.33333333,11,2014
CA-2014-107748,11-12-2014,13-12-2014,AlexGrayson@gmail.com,"United States,Stockton,California",Phones,Jackery Bar Premium Fast-charging Portable Charger,95.84,4.00,34.74,2,36.25,12,2014
CA-2011-166954,25-04-2011,30-04-2011,BethThompson@gmail.com,"United States,San Gabriel,California",Furnishings,"Tenex Traditional Chairmats for Medium Pile Carpet, Standard Lip, 36"" x 48""",303.25,5.00,63.68,5,21,4,2011
CA-2012-152891,25-10-2012,30-10-2012,TrudyBrown@gmail.com,"United States,San Francisco,California",Art,Boston 19500 Mighty Mite Electric Pencil Sharpener,60.45,3.00,16.32,5,27,10,2012
CA-2013-156811,28-10-2013,03-11-2013,BartPistole@gmail.com,"United States,San Francisco,California",Appliances,Staples,43.92,4.00,11.86,6,27,10,2013
CA-2013-148740,16-11-2013,20-11-2013,AnnaHäberlin@gmail.com,"United States,San Diego,California",Phones,Polycom SoundPoint IP 450 VoIP phone,361.38,2.00,27.10,4,7.5,11,2013
CA-2013-114538,27-12-2013,28-12-2013,RoyCollins@gmail.com,"United States,Colorado Springs,Colorado",Art,SANFORD Major Accent Highlighters,11.33,2.00,2.55,1,22.5,12,2013
US-2011-154879,06-05-2011,11-05-2011,SteveNguyen@gmail.com,"United States,Los Angeles,California",Labels,Staples,5.78,2.00,2.72,5,47,5,2011
CA-2011-153983,29-11-2011,06-12-2011,AlanHwang@gmail.com,"United States,San Francisco,California",Phones,Wilson SignalBoost 841262 DB PRO Amplifier Kit,575.92,2.00,71.99,7,12.5,11,2011
US-2014-103226,23-09-2014,29-09-2014,DavidWiener@gmail.com,"United States,Albuquerque,New Mexico",Paper,Southworth 25% Cotton Linen-Finish Paper & Envelopes,27.18,3.00,12.23,6,45,9,2014
CA-2012-121965,19-06-2012,23-06-2012,LoganHaushalter@gmail.com,"United States,Los Angeles,California",Furnishings,Eldon 200 Class Desk Accessories,12.56,2.00,4.02,4,32,6,2012
CA-2013-147137,05-07-2013,07-07-2013,AnnaAndreadi@gmail.com,"United States,San Francisco,California",Furnishings,"Master Caster Door Stop, Brown",25.40,5.00,8.64,2,34,7,2013
US-2012-146745,03-09-2012,08-09-2012,AnnSteele@gmail.com,"United States,San Francisco,California",Chairs,Office Star - Ergonomically Designed Knee Chair,129.57,2.00,-12.96,5,-10,9,2012
CA-2014-115175,08-08-2014,13-08-2014,MattCollins@gmail.com,"United States,San Jose,California",Paper,Xerox 1891,244.55,5.00,114.94,5,47,8,2014
CA-2014-105851,14-03-2014,21-03-2014,SanjitEngle@gmail.com,"United States,Denver,Colorado",Supplies,Martin Yale Chadless Opener Electric Letter Opener,1332.50,2.00,-299.81,7,-22.5,3,2014
US-2014-125717,29-09-2014,02-10-2014,DarrinSayre@gmail.com,"United States,Aurora,Colorado",Furnishings,Dana Halogen Swing-Arm Architect Lamp,32.78,1.00,3.28,3,10,9,2014
CA-2012-163895,07-08-2012,11-08-2012,NoelStaavos@gmail.com,"United States,Boise,Idaho",Binders,"ACCOHIDE 3-Ring Binder, Blue, 1""",3.30,1.00,1.12,4,33.75,8,2012
CA-2013-109365,04-11-2013,09-11-2013,XylonaPreis@gmail.com,"United States,Los Angeles,California",Fasteners,Stockwell Push Pins,15.26,7.00,5.04,5,33,11,2013
CA-2014-105921,15-08-2014,22-08-2014,JanetMartin@gmail.com,"United States,Los Angeles,California",Tables,Chromcraft Round Conference Tables,418.30,3.00,5.23,7,1.25,8,2014
CA-2014-112753,19-06-2014,24-06-2014,CraigCarreira@gmail.com,"United States,Los Angeles,California",Bookcases,"Bush Andora Bookcase, Maple/Graphite Gray Finish",917.92,9.00,75.59,5,8.235294118,6,2014
CA-2011-103401,21-11-2011,26-11-2011,GeorgiaRosenberg@gmail.com,"United States,San Francisco,California",Paper,Xerox 211,12.96,2.00,6.22,5,48,11,2011
CA-2013-124814,11-04-2013,17-04-2013,FiliaMcAdams@gmail.com,"United States,Bakersfield,California",Paper,Xerox 227,12.96,2.00,6.22,6,48,4,2013
US-2011-138247,24-12-2011,29-12-2011,BenFerrer@gmail.com,"United States,Los Angeles,California",Phones,Seidio BD2-HK3IPH5-BK DILEX Case and Holster Combo for Apple iPhone 5/5s - Black,173.66,7.00,17.37,5,10,12,2011
CA-2014-167003,24-05-2014,30-05-2014,VivekSundaresam@gmail.com,"United States,Los Angeles,California",Tables,"Lesro Sheffield Collection Coffee Table, End Table, Center Table, Corner Table",171.29,3.00,-6.42,6,-3.75,5,2014
CA-2013-118969,03-10-2013,04-10-2013,LizPreis@gmail.com,"United States,Phoenix,Arizona",Binders,"Premier Elliptical Ring Binder, Black",54.79,6.00,-40.18,1,-73.33333333,10,2013
US-2013-128678,16-09-2013,21-09-2013,RobBeeghly@gmail.com,"United States,Seattle,Washington",Paper,"TOPS ""Important Message"" Pads, Canary, 4-1/4 x 5-1/2, 50 Sheets per Pad",21.40,5.00,10.06,5,47,9,2013
CA-2013-101385,26-09-2013,02-10-2013,JuliaWest@gmail.com,"United States,San Francisco,California",Art,BIC Brite Liner Highlighters,16.56,4.00,6.96,6,42,9,2013
CA-2014-105445,21-02-2014,26-02-2014,BartPistole@gmail.com,"United States,Louisville,Colorado",Fasteners,Staples,9.43,3.00,3.07,5,32.5,2,2014
CA-2011-140403,10-10-2011,10-10-2011,TanjaNorvell@gmail.com,"United States,Manteca,California",Chairs,"Global Deluxe Stacking Chair, Gray",122.35,3.00,13.76,0,11.25,10,2011
CA-2012-163104,19-03-2012,26-03-2012,MikeCaudle@gmail.com,"United States,Los Angeles,California",Paper,Xerox 1974,11.96,2.00,5.86,7,49,3,2012
CA-2014-138464,09-07-2014,13-07-2014,VickyFreymann@gmail.com,"United States,Seattle,Washington",Furnishings,"Master Big Foot Doorstop, Beige",15.84,3.00,4.91,4,31,7,2014
US-2011-165862,13-07-2011,17-07-2011,GraceKelly@gmail.com,"United States,Los Angeles,California",Tables,Bevis Round Conference Table Top & Single Column Base,351.22,3.00,4.39,4,1.25,7,2011
US-2011-106334,27-12-2011,02-01-2012,JeremyFarry@gmail.com,"United States,San Francisco,California",Chairs,Bevis Steel Folding Chairs,230.28,3.00,23.03,6,10,12,2011
US-2014-117331,22-10-2014,29-10-2014,NatalieDeCherney@gmail.com,"United States,Glendale,Arizona",Binders,Lock-Up Easel 'Spel-Binder',8.56,1.00,-6.56,7,-76.66666667,10,2014
CA-2012-118871,04-12-2012,09-12-2012,HarryMarie@gmail.com,"United States,Los Angeles,California",Envelopes,Tyvek Side-Opening Peel & Seel Expanding Envelopes,271.44,3.00,122.15,5,45,12,2012
CA-2011-101175,09-12-2011,14-12-2011,DarioMedina@gmail.com,"United States,Mesa,Arizona",Storage,Acco Perma 3000 Stacking Storage Drawers,100.70,6.00,-1.26,5,-1.25,12,2011
CA-2011-169460,19-04-2011,21-04-2011,NicoleFjeld@gmail.com,"United States,San Jose,California",Furnishings,"Executive Impressions 13"" Chairman Wall Clock",76.14,3.00,26.65,2,35,4,2011
CA-2014-126662,18-07-2014,22-07-2014,AlejandroBallentine@gmail.com,"United States,Los Angeles,California",Copiers,Brother DCP1000 Digital 3 in 1 Multifunction Machine,479.98,2.00,90.00,4,18.75,7,2014
US-2011-121734,11-04-2011,16-04-2011,SanjitEngle@gmail.com,"United States,Lewiston,Idaho",Binders,GBC Personal VeloBind Strips,9.58,1.00,3.35,5,35,4,2011
US-2013-100405,27-08-2013,29-08-2013,TomStivers@gmail.com,"United States,Los Angeles,California",Art,Newell Chalk Holder,8.26,2.00,3.80,2,46,8,2013
US-2014-163790,03-11-2014,05-11-2014,NancyLomonaco@gmail.com,"United States,Danville,California",Envelopes,"White Business Envelopes with Contemporary Seam, Recycled White Business Envelopes",76.58,7.00,38.29,2,50,11,2014
CA-2013-129868,27-12-2013,01-01-2014,MikeCaudle@gmail.com,"United States,Los Angeles,California",Supplies,Fiskars Home & Office Scissors,17.76,2.00,4.97,5,28,12,2013
US-2014-141852,10-11-2014,15-11-2014,JoelEaton@gmail.com,"United States,Oceanside,California",Furnishings,Eldon Wave Desk Accessories,47.12,8.00,20.73,5,44,11,2014
CA-2014-145219,25-12-2014,26-12-2014,RobertMarley@gmail.com,"United States,Los Angeles,California",Copiers,Hewlett Packard LaserJet 3310 Copier,2879.95,6.00,1007.98,1,35,12,2014
CA-2014-168396,04-08-2014,09-08-2014,BruceDegenhardt@gmail.com,"United States,San Francisco,California",Labels,Avery 473,51.75,5.00,24.84,5,48,8,2014
CA-2012-130456,21-08-2012,26-08-2012,DavidSmith@gmail.com,"United States,San Francisco,California",Bookcases,Sauder Camden County Collection Library,586.40,6.00,34.49,5,5.882352941,8,2012
CA-2014-116288,13-03-2014,18-03-2014,BillStewart@gmail.com,"United States,San Francisco,California",Storage,Carina Double Wide Media Storage Towers in Natural & Black,242.94,3.00,9.72,5,4,3,2014
CA-2014-168228,28-04-2014,30-04-2014,ArthurPrichep@gmail.com,"United States,Los Angeles,California",Art,"Boston School Pro Electric Pencil Sharpener, 1670",123.92,4.00,33.46,2,27,4,2014
CA-2014-130141,23-10-2014,25-10-2014,HelenAbelman@gmail.com,"United States,Fort Collins,Colorado",Binders,Storex Flexible Poly Binders with Double Pockets,3.17,4.00,-2.53,2,-80,10,2014
CA-2012-147501,02-08-2012,06-08-2012,Corey-Lock@gmail.com,"United States,Seattle,Washington",Binders,Ibico Presentation Index for Binding Systems,6.37,2.00,2.15,4,33.75,8,2012
CA-2014-129357,15-05-2014,20-05-2014,KenBlack@gmail.com,"United States,Seattle,Washington",Paper,Xerox 1917,440.19,9.00,206.89,5,47,5,2014
CA-2014-150987,09-04-2014,13-04-2014,AdrianHane@gmail.com,"United States,San Francisco,California",Paper,Xerox 1891,244.55,5.00,114.94,4,47,4,2014
CA-2014-159107,25-06-2014,27-06-2014,KeanThornton@gmail.com,"United States,San Francisco,California",Fasteners,"Acco Banker's Clasps, 5 3/4""-Long",2.88,1.00,1.35,2,47,6,2014
CA-2013-116547,10-01-2013,17-01-2013,KenBlack@gmail.com,"United States,Seattle,Washington",Furnishings,24-Hour Round Wall Clock,79.92,4.00,34.37,7,43,1,2013
CA-2011-114510,14-03-2011,19-03-2011,JasonFortune-@gmail.com,"United States,Logan,Utah",Binders,GBC Wire Binding Combs,33.09,4.00,11.17,5,33.75,3,2011
CA-2011-138681,20-12-2011,22-12-2011,CarolTriggs@gmail.com,"United States,Tucson,Arizona",Furnishings,"Computer Room Manger, 14""",51.97,2.00,10.39,2,20,12,2011
CA-2014-138149,30-06-2014,01-07-2014,WilliamBrown@gmail.com,"United States,Los Angeles,California",Binders,GBC DocuBind TL200 Manual Binding Machine,895.92,5.00,302.37,1,33.75,6,2014
CA-2014-121643,19-05-2014,21-05-2014,AdrianBarton@gmail.com,"United States,Portland,Oregon",Phones,Aastra 6757i CT Wireless VoIP phone,344.70,2.00,38.78,2,11.25,5,2014
US-2012-122910,12-05-2012,16-05-2012,LarryTron@gmail.com,"United States,Louisville,Colorado",Phones,VTech DS6151,201.58,2.00,20.16,4,10,5,2012
CA-2014-143126,04-12-2014,08-12-2014,CorinnaMitchell@gmail.com,"United States,Seattle,Washington",Tables,"Bevis Oval Conference Table, Walnut",521.96,2.00,88.73,4,17,12,2014
CA-2012-109736,10-10-2012,11-10-2012,DennyJoy@gmail.com,"United States,San Francisco,California",Paper,Xerox 1894,45.36,7.00,21.77,1,48,10,2012
CA-2012-142601,18-04-2012,20-04-2012,DeanraEno@gmail.com,"United States,Los Angeles,California",Storage,"Tennsco Stur-D-Stor Boltless Shelving, 5 Shelves, 24"" Deep, Sand",947.17,7.00,9.47,2,1,4,2012
US-2014-135230,02-09-2014,08-09-2014,ChristineKargatis@gmail.com,"United States,Seattle,Washington",Art,Staples,7.58,1.00,2.96,6,39,9,2014
CA-2011-123323,07-11-2011,12-11-2011,LenaHernandez@gmail.com,"United States,San Francisco,California",Binders,Wilson Jones Legal Size Ring Binders,123.14,7.00,46.18,5,37.5,11,2011
US-2012-103996,29-03-2012,31-03-2012,RichardBierner@gmail.com,"United States,San Diego,California",Paper,Xerox 1880,212.64,6.00,99.94,2,47,3,2012
CA-2012-105725,18-02-2012,24-02-2012,GuyThornton@gmail.com,"United States,Long Beach,California",Labels,"Avery 4027 File Folder Labels for Dot Matrix Printers, 5000 Labels per Box, White",61.06,2.00,28.09,6,46,2,2012
CA-2014-164364,13-11-2014,17-11-2014,ChristineSundaresam@gmail.com,"United States,Seattle,Washington",Labels,Avery 483,9.96,2.00,4.58,4,46,11,2014
CA-2013-120005,04-03-2013,04-03-2013,TheresaSwint@gmail.com,"United States,San Francisco,California",Supplies,"Elite 5"" Scissors",25.35,3.00,7.61,0,30,3,2013
CA-2013-123526,25-12-2013,26-12-2013,BenjaminVenier@gmail.com,"United States,Seattle,Washington",Paper,Xerox 1898,33.40,5.00,16.03,1,48,12,2013
CA-2013-127649,08-10-2013,10-10-2013,DionisLloyd@gmail.com,"United States,Spokane,Washington",Machines,Okidata C331dn Printer,837.60,3.00,62.82,2,7.5,10,2013
CA-2011-112851,17-09-2011,21-09-2011,NickRadford@gmail.com,"United States,Chula Vista,California",Envelopes,"Tyvek Interoffice Envelopes, 9 1/2"" x 12 1/2"", 100/Box",182.94,3.00,85.98,4,47,9,2011
CA-2014-123701,25-11-2014,28-11-2014,PatrickGardner@gmail.com,"United States,San Francisco,California",Art,BIC Liqua Brite Liner,27.76,4.00,9.99,3,36,11,2014
US-2013-114888,20-09-2013,25-09-2013,ChuckClark@gmail.com,"United States,San Francisco,California",Binders,Cardinal Holdit Business Card Pockets,11.95,3.00,4.18,5,35,9,2013
US-2011-167262,31-10-2011,03-11-2011,AmyCox@gmail.com,"United States,Avondale,Arizona",Phones,Plantronics HL10 Handset Lifter,742.34,8.00,83.51,3,11.25,10,2011
CA-2014-108091,17-11-2014,22-11-2014,EileenKiefer@gmail.com,"United States,Escondido,California",Art,Newell 328,23.36,4.00,6.07,5,26,11,2014
CA-2012-104346,11-12-2012,16-12-2012,IreneMaddox@gmail.com,"United States,Colorado Springs,Colorado",Art,Newell 313,13.12,5.00,1.15,5,8.75,12,2012
CA-2012-144722,16-03-2012,23-03-2012,MonicaFederle@gmail.com,"United States,Los Angeles,California",Furnishings,"Howard Miller 11-1/2"" Diameter Brentwood Wall Clock",43.13,1.00,18.11,7,42,3,2012
CA-2012-137708,22-11-2012,25-11-2012,NathanGelder@gmail.com,"United States,Los Angeles,California",Paper,Xerox 1887,37.94,2.00,18.21,3,48,11,2012
CA-2013-111696,09-05-2013,11-05-2013,TrudyBrown@gmail.com,"United States,Los Angeles,California",Paper,Xerox 1920,17.94,3.00,8.07,2,45,5,2013
CA-2013-134222,11-07-2013,12-07-2013,NickZandusky@gmail.com,"United States,Yuma,Arizona",Binders,GBC Standard Therm-A-Bind Covers,44.86,6.00,-35.88,1,-80,7,2013
US-2014-136707,13-11-2014,16-11-2014,JimEpp@gmail.com,"United States,Los Angeles,California",Binders,Acco 3-Hole Punch,14.02,4.00,4.91,3,35,11,2014
CA-2014-167661,06-10-2014,11-10-2014,MikePelletier@gmail.com,"United States,San Francisco,California",Binders,"Avery Framed View Binder, EZD Ring (Locking), Navy, 1 1/2""",39.92,5.00,13.47,5,33.75,10,2014
US-2011-128685,04-04-2011,05-04-2011,MaryZewe@gmail.com,"United States,Los Angeles,California",Binders,Avery Non-Stick Binders,7.18,2.00,2.25,1,31.25,4,2011
CA-2011-164469,25-06-2011,27-06-2011,GraceKelly@gmail.com,"United States,Salem,Oregon",Phones,Plantronics 81402,263.96,5.00,19.80,2,7.5,6,2011
CA-2011-107818,08-09-2011,14-09-2011,MarcCrier@gmail.com,"United States,Pasco,Washington",Art,Prang Colored Pencils,5.88,2.00,2.65,6,45,9,2011
CA-2011-113320,12-12-2011,15-12-2011,LoganHaushalter@gmail.com,"United States,Oakland,California",Furnishings,"Eldon Image Series Desk Accessories, Burgundy",12.54,3.00,4.51,3,36,12,2011
CA-2012-137526,13-01-2012,17-01-2012,PhilipBrown@gmail.com,"United States,Los Angeles,California",Binders,Binding Machine Supplies,70.01,3.00,24.50,4,35,1,2012
CA-2014-122490,14-11-2014,19-11-2014,TedTrevino@gmail.com,"United States,Seattle,Washington",Chairs,Global Troy Executive Leather Low-Back Tilter,2404.70,6.00,150.29,5,6.25,11,2014
CA-2014-104080,09-03-2014,16-03-2014,AlanHwang@gmail.com,"United States,Anaheim,California",Binders,"Green Canvas Binder for 8-1/2"" x 14"" Sheets",171.20,5.00,64.20,7,37.5,3,2014
CA-2013-135776,24-12-2013,31-12-2013,EdwardHooks@gmail.com,"United States,Seattle,Washington",Art,Newell 317,8.82,3.00,2.56,7,29,12,2013
CA-2013-130484,23-08-2013,28-08-2013,SheriGordon@gmail.com,"United States,Gresham,Oregon",Binders,GBC Imprintable Covers,26.35,8.00,-18.45,5,-70,8,2013
CA-2014-120936,18-12-2014,22-12-2014,ChristineAbelman@gmail.com,"United States,Anaheim,California",Storage,Iceberg Mobile Mega Data/Printer Cart ,481.32,4.00,125.14,4,26,12,2014
CA-2012-161830,24-09-2012,26-09-2012,MaxEngle@gmail.com,"United States,Seattle,Washington",Art,"BOSTON Model 1800 Electric Pencil Sharpeners, Putty/Woodgrain",35.96,2.00,10.43,2,29,9,2012
CA-2014-143651,26-03-2014,31-03-2014,FiliaMcAdams@gmail.com,"United States,Seattle,Washington",Art,Newell 309,23.10,2.00,6.93,5,30,3,2014
CA-2012-106978,28-09-2012,04-10-2012,ZuschussCarroll@gmail.com,"United States,Aurora,Colorado",Envelopes,"#10 White Business Envelopes,4 1/8 x 9 1/2",12.54,1.00,4.23,6,33.75,9,2012
CA-2012-155124,15-03-2012,21-03-2012,KarenSeio@gmail.com,"United States,Lehi,Utah",Phones,"SmartStand Mobile Device Holder, Assorted Colors",16.78,3.00,1.68,6,10,3,2012
CA-2011-157147,14-01-2011,19-01-2011,BrianDahlen@gmail.com,"United States,San Francisco,California",Storage,Tennsco 6- and 18-Compartment Lockers,1325.85,5.00,238.65,5,18,1,2011
CA-2013-151372,06-09-2013,07-09-2013,JosephHolt@gmail.com,"United States,Redondo Beach,California",Paper,14-7/8 x 11 Blue Bar Computer Printout Paper,96.08,2.00,46.12,1,48,9,2013
CA-2011-102085,04-10-2011,09-10-2011,JoyDaniels@gmail.com,"United States,Seattle,Washington",Labels,Avery 519,29.24,4.00,13.74,5,47,10,2011
CA-2014-107125,28-11-2014,03-12-2014,BillDonatelli@gmail.com,"United States,Los Angeles,California",Binders,Premium Transparent Presentation Covers by GBC,117.49,7.00,41.12,5,35,11,2014
CA-2014-117926,09-12-2014,13-12-2014,AlanSchoenberger@gmail.com,"United States,San Francisco,California",Appliances,Belkin 8-Outlet Premiere SurgeMaster II Surge Protectors,69.48,1.00,20.84,4,30,12,2014
CA-2011-160262,09-06-2011,13-06-2011,ThomasSeio@gmail.com,"United States,North Las Vegas,Nevada",Art,DIXON Oriole Pencils,18.06,7.00,4.70,4,26,6,2011
CA-2013-166226,19-11-2013,23-11-2013,TracyCollins@gmail.com,"United States,Los Angeles,California",Phones,Grandstream GXP2100 Mainstream Business Phone,61.19,1.00,6.12,4,10,11,2013
CA-2011-156587,07-03-2011,08-03-2011,AaronBergman@gmail.com,"United States,Seattle,Washington",Chairs,"Global Push Button Manager's Chair, Indigo",48.71,1.00,5.48,1,11.25,3,2011
CA-2013-164896,08-11-2013,13-11-2013,PenelopeSewall@gmail.com,"United States,Oceanside,California",Paper,"Wirebound Four 2-3/4 x 5 Forms per Page, 400 Sets per Book",12.90,2.00,6.32,5,49,11,2013
CA-2011-160066,16-11-2011,22-11-2011,AdamHart@gmail.com,"United States,Huntington Beach,California",Labels,Permanent Self-Adhesive File Folder Labels for Typewriters by Universal,5.22,2.00,2.40,6,46,11,2011
CA-2013-109925,07-11-2013,11-11-2013,IreneMaddox@gmail.com,"United States,San Diego,California",Storage,Eldon Portable Mobile Manager,84.84,3.00,22.91,4,27,11,2013
CA-2013-149279,25-04-2013,29-04-2013,CraigLeslie@gmail.com,"United States,Colorado Springs,Colorado",Paper,Xerox 226,15.55,3.00,5.44,4,35,4,2013
CA-2014-107321,01-09-2014,05-09-2014,ArthurWiediger@gmail.com,"United States,San Francisco,California",Binders,Acco Suede Grain Vinyl Round Ring Binder,6.67,3.00,2.17,4,32.5,9,2014
CA-2013-129238,31-01-2013,04-02-2013,SampleCompanyA@gmail.com,"United States,Los Angeles,California",Phones,AT&T 1080 Phone,109.59,1.00,8.22,4,7.5,1,2013
CA-2014-159688,08-05-2014,13-05-2014,AdamBellavance@gmail.com,"United States,Los Angeles,California",Accessories,Logitech G600 MMO Gaming Mouse,79.99,1.00,28.80,5,36,5,2014
CA-2013-155033,08-10-2013,13-10-2013,CindyChapman@gmail.com,"United States,Los Angeles,California",Paper,Astroparche Fine Business Paper,10.56,2.00,5.07,5,48,10,2013
US-2014-139647,12-05-2014,14-05-2014,ToddSumrall@gmail.com,"United States,Phoenix,Arizona",Bookcases,Bestar Classic Bookcase,209.98,7.00,-356.96,2,-170,5,2014
CA-2011-127558,15-11-2011,18-11-2011,ShahidShariari@gmail.com,"United States,Los Angeles,California",Furnishings,Eldon 100 Class Desk Accessories,10.11,3.00,3.24,3,32,11,2011
CA-2013-133795,19-12-2013,25-12-2013,JeremyEllison@gmail.com,"United States,San Diego,California",Accessories,SanDisk Cruzer 64 GB USB Flash Drive,72.64,2.00,21.79,6,30,12,2013
CA-2014-139304,30-01-2014,03-02-2014,VivekGonzalez@gmail.com,"United States,San Francisco,California",Art,Newell 339,8.34,3.00,2.17,4,26,1,2014
CA-2011-169803,06-04-2011,12-04-2011,ScottCohen@gmail.com,"United States,Seattle,Washington",Tables,"Chromcraft Bull-Nose Wood Round Conference Table Top, Wood Base",653.55,3.00,111.10,6,17,4,2011
CA-2013-158694,11-11-2013,14-11-2013,ArianneIrving@gmail.com,"United States,Los Angeles,California",Paper,Embossed Ink Jet Note Cards,67.71,3.00,32.50,3,48,11,2013
CA-2012-150511,18-09-2012,24-09-2012,AdamBellavance@gmail.com,"United States,Des Moines,Washington",Paper,"Wirebound Message Books, Four 2 3/4"" x 5"" Forms per Page, 600 Sets per Book",18.54,2.00,8.71,6,47,9,2012
CA-2012-162166,08-09-2012,11-09-2012,NeomaMurray@gmail.com,"United States,Moreno Valley,California",Paper,Xerox 1928,26.40,5.00,11.88,3,45,9,2012
CA-2014-160934,16-01-2014,20-01-2014,TonjaTurnell@gmail.com,"United States,Los Angeles,California",Art,Newell 347,21.40,5.00,6.21,4,29,1,2014
CA-2012-145485,05-11-2012,05-11-2012,JustinMacKendrick@gmail.com,"United States,San Francisco,California",Storage,Hanging Personal Folder File,62.80,4.00,15.70,0,25,11,2012
CA-2014-151071,26-04-2014,30-04-2014,MickBrown@gmail.com,"United States,Los Angeles,California",Binders,"Cardinal Slant-D Ring Binder, Heavy Gauge Vinyl",13.90,2.00,4.52,4,32.5,4,2014
US-2014-133312,26-11-2014,30-11-2014,BradleyDrucker@gmail.com,"United States,San Francisco,California",Bookcases,"Sauder Forest Hills Library, Woodland Oak Finish",359.50,3.00,-29.61,4,-8.235294118,11,2014
CA-2014-132738,05-08-2014,08-08-2014,HarryMarie@gmail.com,"United States,Loveland,Colorado",Paper,Hammermill CopyPlus Copy Paper (20Lb. and 84 Bright),7.97,2.00,2.89,3,36.25,8,2014
CA-2014-156720,31-12-2014,04-01-2015,JillMatthias@gmail.com,"United States,Loveland,Colorado",Fasteners,Bagged Rubber Bands,3.02,3.00,-0.60,4,-20,12,2014
CA-2012-141936,07-08-2012,12-08-2012,ParhenaNorris@gmail.com,"United States,Bakersfield,California",Binders,Cardinal Hold-It CD Pocket,19.15,3.00,6.46,5,33.75,8,2012
CA-2013-150658,18-11-2013,23-11-2013,MaribethSchnelling@gmail.com,"United States,Carlsbad,New Mexico",Binders,Avery Non-Stick Binders,10.78,3.00,3.37,5,31.25,11,2013
CA-2014-146626,30-12-2014,06-01-2015,BenPeterman@gmail.com,"United States,Anaheim,California",Furnishings,Nu-Dell Executive Frame,101.12,8.00,37.41,7,37,12,2014
CA-2013-151323,24-10-2013,29-10-2013,AlejandroBallentine@gmail.com,"United States,Seattle,Washington",Fasteners,Advantus SlideClip Paper Clips,17.05,5.00,8.18,5,48,10,2013
CA-2012-146696,14-12-2012,19-12-2012,RickDuston@gmail.com,"United States,San Diego,California",Binders,Wilson Jones Standard D-Ring Binders,8.10,2.00,2.73,5,33.75,12,2012
CA-2012-154886,08-11-2012,12-11-2012,ShaunWeien@gmail.com,"United States,San Francisco,California",Accessories,Microsoft Arc Touch Mouse,119.90,2.00,43.16,4,36,11,2012
CA-2014-161333,03-02-2014,08-02-2014,JohnLee@gmail.com,"United States,Los Angeles,California",Furnishings,"Howard Miller 11-1/2"" Diameter Grantwood Wall Clock",86.26,2.00,29.33,5,34,2,2014
CA-2014-128734,25-12-2014,01-01-2015,JamesLanier@gmail.com,"United States,Chandler,Arizona",Furnishings,Acrylic Self-Standing Desk Frames,8.54,4.00,1.92,7,22.5,12,2014
CA-2014-125101,07-03-2014,11-03-2014,SallyHughsby@gmail.com,"United States,San Francisco,California",Storage,"File Shuttle II and Handi-File, Black",67.78,2.00,16.95,4,25,3,2014
CA-2014-169929,26-09-2014,29-09-2014,LukeSchmidt@gmail.com,"United States,Helena,Montana",Storage,Iris Project Case,39.90,5.00,10.37,3,26,9,2014
CA-2012-156146,26-10-2012,30-10-2012,AndrewGjertsen@gmail.com,"United States,Peoria,Arizona",Phones,Panasonic KX-TG6844B Expandable Digital Cordless Telephone,105.58,2.00,9.24,4,8.75,10,2012
CA-2011-111192,30-07-2011,05-08-2011,TomStivers@gmail.com,"United States,Seattle,Washington",Bookcases,"Rush Hierlooms Collection 1"" Thick Stackable Bookcases",1367.84,8.00,259.89,6,19,7,2011
CA-2012-161627,06-07-2012,11-07-2012,SarahJordon@gmail.com,"United States,Pasadena,California",Chairs,Novimex Turbo Task Chair,170.35,3.00,-17.04,5,-10,7,2012
CA-2012-107741,08-03-2012,10-03-2012,FredChung@gmail.com,"United States,Pueblo,Colorado",Art,"Dixon Prang Watercolor Pencils, 10-Color Set with Brush",3.41,1.00,0.89,2,26.25,3,2012
CA-2013-148908,06-11-2013,09-11-2013,JosephHolt@gmail.com,"United States,San Francisco,California",Binders,GBC Twin Loop Wire Binding Elements,53.25,2.00,19.97,3,37.5,11,2013
US-2012-120502,13-04-2012,19-04-2012,BillTyler@gmail.com,"United States,Los Angeles,California",Furnishings,Flat Face Poster Frame,37.68,2.00,15.83,6,42,4,2012
US-2014-141943,06-05-2014,10-05-2014,DarrenKoutras@gmail.com,"United States,San Francisco,California",Envelopes,"Peel & Seel Recycled Catalog Envelopes, Brown",23.16,2.00,11.58,4,50,5,2014
CA-2011-159709,10-05-2011,15-05-2011,ArianneIrving@gmail.com,"United States,Kent,Washington",Envelopes,"Strathmore #10 Envelopes, Ultimate White",158.13,3.00,77.48,5,49,5,2011
CA-2012-142454,15-08-2012,19-08-2012,RichardEichhorn@gmail.com,"United States,Oakland,California",Furnishings,Tensor Computer Mounted Lamp,104.23,7.00,28.14,4,27,8,2012
CA-2013-145898,27-09-2013,27-09-2013,ChuckMagee@gmail.com,"United States,Redlands,California",Storage,Advantus Rolling Storage Box,51.45,3.00,13.89,0,27,9,2013
CA-2014-134635,16-04-2014,18-04-2014,NoelStaavos@gmail.com,"United States,Los Angeles,California",Paper,Xerox 1883,79.14,3.00,36.40,2,46,4,2014
US-2014-109582,13-09-2014,18-09-2014,JohnMurray@gmail.com,"United States,Los Angeles,California",Paper,"Eaton Premium Continuous-Feed Paper, 25% Cotton, Letter Size, White, 1000 Shts/Box",166.44,3.00,79.89,5,48,9,2014
US-2011-147648,26-11-2011,01-12-2011,LindsayShagiari@gmail.com,"United States,San Francisco,California",Paper,Xerox 1893,81.98,2.00,40.17,5,49,11,2011
CA-2014-124436,20-03-2014,23-03-2014,SueAnnReed@gmail.com,"United States,Fresno,California",Binders,SpineVue Locking Slant-D Ring Binders by Cardinal,14.62,2.00,5.12,3,35,3,2014
CA-2014-131037,23-08-2014,24-08-2014,TonyMolinari@gmail.com,"United States,San Francisco,California",Tables,Hon Racetrack Conference Tables,210.01,1.00,2.63,1,1.25,8,2014
CA-2013-116561,12-09-2013,18-09-2013,EugeneBarchas@gmail.com,"United States,San Jose,California",Storage,"Stur-D-Stor Shelving, Vertical 5-Shelf: 72""H x 36""W x 18 1/2""D",332.94,3.00,6.66,6,2,9,2013
CA-2013-110730,24-09-2013,27-09-2013,CandaceMcMahon@gmail.com,"United States,Seattle,Washington",Supplies,Acme Design Stainless Steel Bent Scissors,13.68,2.00,3.69,3,27,9,2013
CA-2013-156265,03-08-2013,05-08-2013,BarryFranzösisch@gmail.com,"United States,Los Angeles,California",Tables,"Barricks Non-Folding Utility Table with Steel Legs, Laminate Tops",136.46,2.00,15.35,2,11.25,8,2013
US-2014-110989,04-11-2014,06-11-2014,EvaJacobs@gmail.com,"United States,Seattle,Washington",Accessories,HP Standard 104 key PS/2 Keyboard,43.50,3.00,10.88,2,25,11,2014
US-2011-131982,07-03-2011,11-03-2011,NoraPelletier@gmail.com,"United States,Des Moines,Washington",Binders,Catalog Binders with Expanding Posts,107.65,2.00,33.64,4,31.25,3,2011
US-2014-114034,04-01-2014,09-01-2014,DelfinaLatchford@gmail.com,"United States,Rancho Cucamonga,California",Paper,Xerox 1905,38.88,6.00,18.66,5,48,1,2014
US-2014-115595,10-10-2014,12-10-2014,XylonaPreis@gmail.com,"United States,Los Angeles,California",Paper,"Wirebound Message Books, 2 7/8"" x 5"", 3 Forms per Page",35.20,5.00,16.54,2,47,10,2014
CA-2014-147452,01-10-2014,04-10-2014,CariSayre@gmail.com,"United States,Seattle,Washington",Paper,"Adams Telephone Message Book W/Dividers/Space For Phone Numbers, 5 1/4""X8 1/2"", 300/Messages",11.76,2.00,5.76,3,49,10,2014
CA-2014-144484,12-09-2014,12-09-2014,CassandraBrandow@gmail.com,"United States,San Francisco,California",Furnishings,"6"" Cubicle Wall Clock, Black",32.36,4.00,11.65,0,36,9,2014
CA-2014-125913,17-01-2014,17-01-2014,JackO'Briant@gmail.com,"United States,Los Angeles,California",Furnishings,"Eldon Expressions Wood and Plastic Desk Accessories, Cherry Wood",27.92,4.00,8.10,0,29,1,2014
CA-2011-133424,30-03-2011,04-04-2011,Dorrisliebe@gmail.com,"United States,Seattle,Washington",Storage,Sterilite Show Offs Storage Containers,15.84,3.00,0.00,5,0,3,2011
CA-2014-105991,06-05-2014,07-05-2014,LisaHazard@gmail.com,"United States,Louisville,Colorado",Envelopes,"Redi-Strip #10 Envelopes, 4 1/8 x 9 1/2",21.24,9.00,7.43,1,35,5,2014
US-2014-136784,01-05-2014,06-05-2014,AlanDominguez@gmail.com,"United States,San Francisco,California",Paper,Xerox 1919,163.96,4.00,80.34,5,49,5,2014
CA-2013-106656,24-09-2013,27-09-2013,DarrinVanHuff@gmail.com,"United States,San Diego,California",Envelopes,Poly String Tie Envelopes,4.08,2.00,1.92,3,47,9,2013
CA-2014-137876,01-05-2014,06-05-2014,DonJones@gmail.com,"United States,San Francisco,California",Furnishings,"Seth Thomas 16"" Steel Case Clock",64.96,2.00,21.44,5,33,5,2014
CA-2012-119508,04-12-2012,09-12-2012,TracyZic@gmail.com,"United States,Lakewood,California",Art,Avery Hi-Liter Fluorescent Desk Style Markers,16.90,5.00,6.25,5,37,12,2012
CA-2011-130813,07-01-2011,09-01-2011,LycorisSaunders@gmail.com,"United States,Los Angeles,California",Paper,Xerox 225,19.44,3.00,9.33,2,48,1,2011
CA-2012-169278,21-05-2012,25-05-2012,MichelleEllison@gmail.com,"United States,Seattle,Washington",Binders,Ibico Plastic and Wire Spiral Binding Combs,26.98,4.00,8.77,4,32.5,5,2012
CA-2014-111577,17-10-2014,22-10-2014,AnthonyJacobs@gmail.com,"United States,Scottsdale,Arizona",Paper,Green Bar Computer Printout Paper,307.78,7.00,111.57,5,36.25,10,2014
CA-2014-108539,22-03-2014,24-03-2014,StevenCartwright@gmail.com,"United States,Los Angeles,California",Storage,Adjustable Depth Letter/Legal Cart,725.84,4.00,210.49,2,29,3,2014
CA-2011-113768,13-05-2011,19-05-2011,AaronHawkins@gmail.com,"United States,Los Angeles,California",Chairs,"Iceberg Nesting Folding Chair, 19w x 6d x 43h",279.46,6.00,20.96,6,7.5,5,2011
CA-2013-138037,30-09-2013,04-10-2013,AndyReiter@gmail.com,"United States,San Francisco,California",Binders,Avery Self-Adhesive Photo Pockets for Polaroid Photos,27.24,5.00,9.53,4,35,9,2013
CA-2011-150490,05-08-2011,11-08-2011,SoniaSunley@gmail.com,"United States,San Francisco,California",Accessories,Logitech Desktop MK120 Mouse and keyboard Combo,16.36,1.00,1.64,6,10,8,2011
CA-2011-123477,19-01-2011,22-01-2011,DavidWiener@gmail.com,"United States,Springfield,Oregon",Appliances,Fellowes Mighty 8 Compact Surge Protector,64.86,4.00,6.49,3,10,1,2011
CA-2014-158071,11-06-2014,16-06-2014,BillDonatelli@gmail.com,"United States,Seattle,Washington",Phones,"Logitech B530 USB Headset - headset - Full size, Binaural",88.78,3.00,7.77,5,8.75,6,2014
CA-2014-134152,28-05-2014,01-06-2014,RoyPhan@gmail.com,"United States,Seattle,Washington",Accessories,Logitech Desktop MK120 Mouse and keyboard Combo,98.16,6.00,9.82,4,10,5,2014
CA-2013-136021,15-08-2013,19-08-2013,JillMatthias@gmail.com,"United States,Los Angeles,California",Paper,Array Memo Cubes,15.54,3.00,7.61,4,49,8,2013
CA-2014-164707,19-02-2014,22-02-2014,CynthiaVoltz@gmail.com,"United States,Los Angeles,California",Phones,iHome FM Clock Radio with Lightning Dock,167.98,3.00,10.50,3,6.25,2,2014
CA-2014-163874,11-11-2014,13-11-2014,NickCrebassa@gmail.com,"United States,Seattle,Washington",Binders,GBC Imprintable Covers,26.35,3.00,9.55,2,36.25,11,2014
CA-2011-104829,18-11-2011,21-11-2011,JohnGrady@gmail.com,"United States,Provo,Utah",Paper,"Adams ""While You Were Out"" Message Pads",21.98,7.00,9.89,3,45,11,2011
US-2013-147340,25-09-2013,25-09-2013,EdwardBecker@gmail.com,"United States,San Francisco,California",Furnishings,Nu-Dell Executive Frame,63.20,5.00,23.38,0,37,9,2013
CA-2013-145492,21-11-2013,28-11-2013,MattConnell@gmail.com,"United States,Los Angeles,California",Appliances,"Bravo II Megaboss 12-Amp Hard Body Upright, Replacement Belts, 2 Belts per Pack",39.00,12.00,11.31,7,29,11,2013
CA-2013-117681,10-04-2013,15-04-2013,HerbertFlentye@gmail.com,"United States,Los Angeles,California",Bookcases,Bush Somerset Collection Bookcase,556.67,5.00,6.55,5,1.176470588,4,2013
CA-2014-132262,22-09-2014,24-09-2014,MuhammedLee@gmail.com,"United States,Seattle,Washington",Accessories,Sony 64GB Class 10 Micro SDHC R40 Memory Card,71.98,2.00,15.12,2,21,9,2014
US-2013-143280,22-02-2013,26-02-2013,TracyZic@gmail.com,"United States,Los Angeles,California",Phones,AT&T 1070 Corded Phone,445.96,5.00,55.75,4,12.5,2,2013
CA-2014-108854,09-12-2014,15-12-2014,DeniseMonton@gmail.com,"United States,San Francisco,California",Paper,Standard Line While You Were Out Hardbound Telephone Message Book,87.92,4.00,40.44,6,46,12,2014
CA-2014-166856,19-09-2014,23-09-2014,TonySayre@gmail.com,"United States,Clovis,New Mexico",Binders,Wilson Jones Easy Flow II Sheet Lifters,10.08,7.00,3.53,4,35,9,2014
US-2013-163258,30-12-2013,03-01-2014,PhillipFlathmann@gmail.com,"United States,Los Angeles,California",Binders,Acco Translucent Poly Ring Binders,11.23,3.00,3.93,4,35,12,2013
CA-2013-153598,04-12-2013,07-12-2013,NeomaMurray@gmail.com,"United States,Los Angeles,California",Accessories,Logitech Z-906 Speaker sys - home theater - 5.1-CH,1649.95,5.00,659.98,3,40,12,2013
US-2013-108497,15-06-2013,15-06-2013,MarcHarrigan@gmail.com,"United States,Los Angeles,California",Bookcases,"Bush Heritage Pine Collection 5-Shelf Bookcase, Albany Pine Finish, *Special Order",599.17,5.00,35.25,0,5.882352941,6,2013
CA-2013-113096,03-09-2013,05-09-2013,SamZeldin@gmail.com,"United States,San Francisco,California",Storage,"Tenex File Box, Personal Filing Tote with Lid, Black",46.53,3.00,12.10,2,26,9,2013
CA-2014-129707,26-04-2014,30-04-2014,LarryHughes@gmail.com,"United States,Chandler,Arizona",Art,Newell 318,8.90,4.00,0.67,4,7.5,4,2014
CA-2012-160171,19-10-2012,24-10-2012,RobertMarley@gmail.com,"United States,Los Angeles,California",Appliances,"Sanyo Counter Height Refrigerator with Crisper, 3.6 Cubic Foot, Stainless Steel/Black",1640.70,5.00,459.40,5,28,10,2012
CA-2014-155929,10-09-2014,14-09-2014,ArianneIrving@gmail.com,"United States,Glendale,Arizona",Paper,Unpadded Memo Slips,6.37,2.00,2.39,4,37.5,9,2014
CA-2013-140613,23-07-2013,30-07-2013,KristinaNunn@gmail.com,"United States,Sparks,Nevada",Supplies,"Fiskars 8"" Scissors, 2/Pack",86.20,5.00,25.00,7,29,7,2013
CA-2014-130631,30-12-2014,03-01-2015,BruceStewart@gmail.com,"United States,Edmonds,Washington",Fasteners,Acco Glide Clips,19.60,5.00,9.60,4,49,12,2014
CA-2014-116680,05-09-2014,07-09-2014,PeteKriz@gmail.com,"United States,San Francisco,California",Binders,Acco Suede Grain Vinyl Round Ring Binder,13.34,6.00,4.34,2,32.5,9,2014
CA-2014-101574,29-09-2014,05-10-2014,BruceDegenhardt@gmail.com,"United States,Los Angeles,California",Furnishings,Longer-Life Soft White Bulbs,9.24,3.00,4.44,6,48,9,2014
CA-2011-146591,20-01-2011,21-01-2011,TobySwindell@gmail.com,"United States,Scottsdale,Arizona",Binders,"GBC Standard Recycled Report Covers, Clear Plastic Sheets",32.34,10.00,-23.72,1,-73.33333333,1,2011
CA-2013-122448,10-06-2013,15-06-2013,DeanBraden@gmail.com,"United States,San Francisco,California",Chairs,"Global Deluxe Stacking Chair, Gray",122.35,3.00,13.76,5,11.25,6,2013
CA-2011-132451,26-09-2011,27-09-2011,KarenFerguson@gmail.com,"United States,San Diego,California",Chairs,"Hon Deluxe Fabric Upholstered Stacking Chairs, Rounded Back",585.55,3.00,73.19,1,12.5,9,2011
CA-2014-116946,20-12-2014,24-12-2014,TonySayre@gmail.com,"United States,Parker,Colorado",Furnishings,OIC Stacking Trays,13.36,5.00,4.01,4,30,12,2014
CA-2014-105487,09-10-2014,15-10-2014,ChrisSelesnick@gmail.com,"United States,San Diego,California",Phones,Digium D40 VoIP phone,103.19,1.00,11.61,6,11.25,10,2014
CA-2011-105249,28-11-2011,28-11-2011,DuaneHuffman@gmail.com,"United States,San Francisco,California",Supplies,Staples,7.36,2.00,0.15,0,2,11,2011
US-2013-162026,09-10-2013,09-10-2013,JoelEaton@gmail.com,"United States,Los Angeles,California",Paper,Xerox 1925,61.96,2.00,27.88,0,45,10,2013
CA-2012-168529,08-10-2012,12-10-2012,MariaBertelson@gmail.com,"United States,San Francisco,California",Furnishings,"Deflect-o SuperTray Unbreakable Stackable Tray, Letter, Black",145.90,5.00,62.74,4,43,10,2012
US-2011-137680,25-02-2011,02-03-2011,JenniferHalladay@gmail.com,"United States,Medford,Oregon",Paper,"Message Book, Wirebound, Four 5 1/2"" X 4"" Forms/Pg., 200 Dupl. Sets/Book",32.90,4.00,11.10,5,33.75,2,2011
CA-2013-110982,06-06-2013,08-06-2013,ChlorisKastensmidt@gmail.com,"United States,Santa Clara,California",Binders,Avery Non-Stick Binders,21.55,6.00,7.00,2,32.5,6,2013
CA-2013-147123,11-12-2013,13-12-2013,SanjitJacobs@gmail.com,"United States,Long Beach,California",Paper,"Wirebound Message Books, Four 2 3/4 x 5 White Forms per Page",80.28,12.00,36.93,2,46,12,2013
CA-2014-154501,01-05-2014,06-05-2014,ErinAshbrook@gmail.com,"United States,Los Angeles,California",Art,Faber Castell Col-Erase Pencils,9.78,2.00,4.01,5,41,5,2014
CA-2014-166933,25-04-2014,29-04-2014,MichaelGranlund@gmail.com,"United States,Santa Barbara,California",Fasteners,Colored Push Pins,1.81,1.00,0.65,4,36,4,2014
CA-2013-134936,20-12-2013,26-12-2013,ErinSmith@gmail.com,"United States,Tucson,Arizona",Tables,"SAFCO PlanMaster Boards, 60w x 37-1/2d, White Melamine",455.97,6.00,-218.87,6,-48,12,2013
CA-2014-151008,08-09-2014,09-09-2014,JustinMacKendrick@gmail.com,"United States,Draper,Utah",Furnishings,"DAX Copper Panel Document Frame, 5 x 7 Size",25.16,2.00,10.57,1,42,9,2014
CA-2011-159800,28-11-2011,01-12-2011,SheriGordon@gmail.com,"United States,San Francisco,California",Appliances,Acco 6 Outlet Guardian Premium Surge Suppressor,43.68,3.00,11.79,3,27,11,2011
US-2012-114741,06-12-2012,10-12-2012,IvanListon@gmail.com,"United States,North Las Vegas,Nevada",Paper,Xerox 20,6.48,1.00,3.11,4,48,12,2012
CA-2013-136686,13-12-2013,17-12-2013,RoyFranzösisch@gmail.com,"United States,Pasadena,California",Furnishings,"Howard Miller 14-1/2"" Diameter Chrome Round Wall Clock",383.64,6.00,122.76,4,32,12,2013
CA-2014-137498,10-09-2014,15-09-2014,LizCarlisle@gmail.com,"United States,Los Angeles,California",Art,Newell 35,6.56,2.00,1.90,5,29,9,2014
CA-2011-116673,15-12-2011,19-12-2011,JasO'Carroll@gmail.com,"United States,San Diego,California",Furnishings,Stackable Trays,6.16,2.00,1.97,4,32,12,2011
CA-2012-149993,19-03-2012,20-03-2012,GuyArmstrong@gmail.com,"United States,Lancaster,California",Fasteners,Stockwell Push Pins,10.90,5.00,3.60,1,33,3,2012
CA-2011-168158,19-07-2011,24-07-2011,EugeneMoren@gmail.com,"United States,Great Falls,Montana",Binders,"Acco Pressboard Covers with Storage Hooks, 14 7/8"" x 11"", Dark Blue",6.10,2.00,2.21,5,36.25,7,2011
CA-2013-115224,09-12-2013,12-12-2013,DougBickford@gmail.com,"United States,San Francisco,California",Storage,"SimpliFile Personal File, Black Granite, 15w x 6-15/16d x 11-1/4h",34.05,3.00,9.53,3,28,12,2013
CA-2012-168634,06-12-2012,11-12-2012,ArtFerguson@gmail.com,"United States,San Francisco,California",Appliances,"Commercial WindTunnel Clean Air Upright Vacuum, Replacement Belts, Filtration Bags",7.78,2.00,2.02,5,26,12,2012
CA-2014-121027,19-08-2014,23-08-2014,HelenWasserman@gmail.com,"United States,Seattle,Washington",Accessories,Plantronics Savi W720 Multi-Device Wireless Headset System,843.90,2.00,371.32,4,44,8,2014
CA-2012-101154,18-09-2012,21-09-2012,CharlotteMelton@gmail.com,"United States,San Diego,California",Storage,"Stur-D-Stor Shelving, Vertical 5-Shelf: 72""H x 36""W x 18 1/2""D",443.92,4.00,8.88,3,2,9,2012
CA-2013-121748,25-10-2013,29-10-2013,VictoriaWilson@gmail.com,"United States,Los Angeles,California",Accessories,Micro Innovations USB RF Wireless Keyboard with Mouse,100.00,4.00,21.00,4,21,10,2013
CA-2011-126683,29-09-2011,01-10-2011,PaulProst@gmail.com,"United States,Seattle,Washington",Furnishings,Longer-Life Soft White Bulbs,6.16,2.00,2.96,2,48,9,2011
CA-2014-123022,04-09-2014,09-09-2014,SampleCompanyA@gmail.com,"United States,La Mesa,California",Binders,"Square Ring Data Binders, Rigid 75 Pt. Covers, 11"" x 14-7/8""",82.56,5.00,28.90,5,35,9,2014
CA-2011-154893,21-12-2011,27-12-2011,GaryMcGarr@gmail.com,"United States,San Diego,California",Chairs,SAFCO Arco Folding Chair,1325.76,6.00,149.15,6,11.25,12,2011
CA-2014-120719,24-03-2014,27-03-2014,SanjitJacobs@gmail.com,"United States,Seattle,Washington",Binders,"Cardinal Slant-D Ring Binder, Heavy Gauge Vinyl",34.76,5.00,11.30,3,32.5,3,2014
CA-2014-168179,03-11-2014,08-11-2014,JoyBell-@gmail.com,"United States,Salt Lake City,Utah",Paper,Xerox 220,19.44,3.00,9.33,5,48,11,2014
CA-2014-142342,18-07-2014,20-07-2014,AnthonyJohnson@gmail.com,"United States,Apple Valley,California",Paper,Xerox 221,32.40,5.00,15.55,2,48,7,2014
US-2011-134187,04-11-2011,11-11-2011,TiffanyHouse@gmail.com,"United States,Long Beach,California",Art,Newell 343,2.94,1.00,0.79,7,27,11,2011
CA-2013-145261,19-12-2013,22-12-2013,AdrianHane@gmail.com,"United States,Salem,Oregon",Binders,Vinyl Sectional Post Binders,45.24,4.00,-30.16,3,-66.66666667,12,2013
CA-2013-108875,25-09-2013,02-10-2013,CraigLeslie@gmail.com,"United States,Aurora,Colorado",Furnishings,Electrix 20W Halogen Replacement Bulb for Zoom-In Desk Lamp,21.44,2.00,7.50,7,35,9,2013
CA-2013-142405,12-06-2013,16-06-2013,SanjitEngle@gmail.com,"United States,Seattle,Washington",Labels,Avery 486,14.62,2.00,6.87,4,47,6,2013
CA-2012-141012,09-06-2012,11-06-2012,TrudyGlocke@gmail.com,"United States,Pocatello,Idaho",Furnishings,Luxo Adjustable Task Clamp Lamp,355.36,4.00,92.39,2,26,6,2012
CA-2013-146318,22-01-2013,27-01-2013,MarcCrier@gmail.com,"United States,Seattle,Washington",Paper,Xerox 218,12.96,2.00,6.22,5,48,1,2013
CA-2011-135993,28-05-2011,02-06-2011,PatrickJones@gmail.com,"United States,Seattle,Washington",Phones,I Need's 3d Hello Kitty Hybrid Silicone Case Cover for HTC One X 4g with 3d Hello Kitty Stylus Pen Green/pink,57.41,6.00,5.74,5,10,5,2011
CA-2012-131072,05-11-2012,05-11-2012,KenLonsdale@gmail.com,"United States,Seattle,Washington",Binders,"Avery Trapezoid Ring Binder, 3"" Capacity, Black, 1040 sheets",98.35,3.00,35.65,0,36.25,11,2012
CA-2013-126165,06-05-2013,08-05-2013,AmyHunt@gmail.com,"United States,San Francisco,California",Tables,Hon 61000 Series Interactive Training Tables,71.09,2.00,-1.78,2,-2.5,5,2013
CA-2014-148320,04-11-2014,09-11-2014,PaulGonzalez@gmail.com,"United States,San Francisco,California",Paper,Xerox 1992,35.88,6.00,17.58,5,49,11,2014
CA-2012-138674,14-11-2012,17-11-2012,KenBlack@gmail.com,"United States,Springfield,Oregon",Fasteners,Advantus Push Pins,8.72,5.00,2.29,3,26.25,11,2012
CA-2013-165820,27-09-2013,01-10-2013,DorothyWardle@gmail.com,"United States,San Francisco,California",Paper,Xerox 1905,12.96,2.00,6.22,4,48,9,2013
CA-2011-148614,21-01-2011,26-01-2011,MarkVanHuff@gmail.com,"United States,Los Angeles,California",Paper,"Wirebound Service Call Books, 5 1/2"" x 4""",19.36,2.00,9.29,5,48,1,2011
CA-2014-156139,01-01-2014,07-01-2014,BeckyPak@gmail.com,"United States,San Francisco,California",Binders,"GBC Pre-Punched Binding Paper, Plastic, White, 8-1/2"" x 11""",38.38,3.00,13.43,6,35,1,2014
US-2014-147886,29-03-2014,01-04-2014,DaveHallsten@gmail.com,"United States,Fairfield,California",Paper,Xerox 1975,12.96,2.00,6.35,3,49,3,2014
CA-2013-125850,22-01-2013,28-01-2013,FrankPreis@gmail.com,"United States,San Diego,California",Labels,Avery 475,44.40,3.00,22.20,6,50,1,2013
US-2013-111528,31-12-2013,31-12-2013,JuliePrescott@gmail.com,"United States,Los Angeles,California",Storage,Iceberg Mobile Mega Data/Printer Cart ,481.32,4.00,125.14,0,26,12,2013
CA-2014-158169,13-08-2014,16-08-2014,JustinMacKendrick@gmail.com,"United States,Lake Forest,California",Appliances,Avanti 4.4 Cu. Ft. Refrigerator,542.94,3.00,152.02,3,28,8,2014
CA-2012-117772,10-09-2012,12-09-2012,MattCollins@gmail.com,"United States,Seattle,Washington",Storage,"Belkin 19"" Center-Weighted Shelf, Gray",353.88,6.00,17.69,2,5,9,2012
US-2011-126340,08-11-2011,14-11-2011,EmilyBurns@gmail.com,"United States,Redding,California",Phones,Toshiba IPT2010-SD IP Telephone,333.58,3.00,25.02,6,7.5,11,2011
CA-2012-103835,24-09-2012,28-09-2012,ShaunChance@gmail.com,"United States,Los Angeles,California",Furnishings,"DAX Value U-Channel Document Frames, Easel Back",14.91,3.00,4.62,4,31,9,2012
CA-2013-142398,13-04-2013,17-04-2013,BethPaige@gmail.com,"United States,Los Angeles,California",Chairs,Hon Comfortask Task/Swivel Chairs,638.29,7.00,-31.91,4,-5,4,2013
CA-2013-112060,05-12-2013,10-12-2013,KeanTakahito@gmail.com,"United States,San Francisco,California",Paper,Xerox 1915,104.85,1.00,50.33,5,48,12,2013
CA-2011-105270,11-11-2011,18-11-2011,ArthurPrichep@gmail.com,"United States,Los Angeles,California",Art,50 Colored Long Pencils,30.48,3.00,7.92,7,26,11,2011
US-2012-159513,02-04-2012,09-04-2012,JohnDryer@gmail.com,"United States,Los Angeles,California",Machines,"Vtech AT&T CL2940 Corded Speakerphone, Black",71.98,3.00,24.29,7,33.75,4,2012
CA-2012-155586,12-12-2012,16-12-2012,XylonaPreis@gmail.com,"United States,Chico,California",Art,Newell 311,2.21,1.00,0.60,4,27,12,2012
CA-2014-141117,03-10-2014,09-10-2014,JulianaKrohn@gmail.com,"United States,Springfield,Oregon",Bookcases,O'Sullivan 4-Shelf Bookcase in Odessa Pine,217.76,6.00,-384.72,6,-176.6666667,10,2014
CA-2014-140186,30-09-2014,03-10-2014,PatrickGardner@gmail.com,"United States,Bakersfield,California",Fasteners,Advantus Plastic Paper Clips,35.00,7.00,16.80,3,48,9,2014
CA-2012-163440,22-03-2012,24-03-2012,RubenDartt@gmail.com,"United States,Thousand Oaks,California",Phones,Square Credit Card Reader,15.98,2.00,1.20,2,7.5,3,2012
US-2012-163279,22-03-2012,26-03-2012,JustinDeggeller@gmail.com,"United States,San Diego,California",Paper,Staples,105.52,4.00,48.54,4,46,3,2012
CA-2014-117632,13-05-2014,19-05-2014,CharlesSheldon@gmail.com,"United States,San Francisco,California",Supplies,Compact Automatic Electric Letter Opener,238.62,2.00,4.77,6,2,5,2014
CA-2012-111206,18-07-2012,22-07-2012,RolandFjeld@gmail.com,"United States,San Diego,California",Accessories,Logitech G35 7.1-Channel Surround Sound Headset,519.96,4.00,176.79,4,34,7,2012
CA-2014-133207,28-11-2014,04-12-2014,DougO'Connell@gmail.com,"United States,Los Angeles,California",Phones,Griffin GC17055 Auxiliary Audio Cable,57.57,4.00,5.76,6,10,11,2014
CA-2012-132948,27-03-2012,03-04-2012,MarkVanHuff@gmail.com,"United States,Seattle,Washington",Storage,Rogers Profile Extra Capacity Storage Tub,83.70,5.00,3.35,7,4,3,2012
CA-2012-126725,17-11-2012,21-11-2012,BrianStugart@gmail.com,"United States,San Diego,California",Phones,RCA ViSYS 25825 Wireless digital phone,415.97,4.00,52.00,4,12.5,11,2012
US-2014-153255,04-09-2014,08-09-2014,JoeKamberova@gmail.com,"United States,Concord,California",Bookcases,"Bush Heritage Pine Collection 5-Shelf Bookcase, Albany Pine Finish, *Special Order",239.67,2.00,14.10,4,5.882352941,9,2014
CA-2013-152247,08-11-2013,13-11-2013,MichelleArnett@gmail.com,"United States,Cheyenne,Wyoming",Chairs,Global Troy Executive Leather Low-Back Tilter,1603.14,4.00,100.20,5,6.25,11,2013
CA-2013-128223,15-06-2013,15-06-2013,EdBraxton@gmail.com,"United States,Anaheim,California",Tables,"Bush Cubix Conference Tables, Fully Assembled",1293.49,7.00,80.84,0,6.25,6,2013
CA-2013-133935,19-09-2013,23-09-2013,JaneWaco@gmail.com,"United States,San Diego,California",Chairs,Global Troy Executive Leather Low-Back Tilter,801.57,2.00,50.10,4,6.25,9,2013
CA-2013-136301,14-03-2013,16-03-2013,EdwardHooks@gmail.com,"United States,San Francisco,California",Furnishings,"Westinghouse Mesh Shade Clip-On Gooseneck Lamp, Black",28.28,2.00,7.35,2,26,3,2013
US-2011-109456,16-10-2011,17-10-2011,LynnSmith@gmail.com,"United States,San Francisco,California",Binders,Avery Non-Stick Heavy Duty View Round Locking Ring Binders,14.35,3.00,5.02,1,35,10,2011
CA-2014-100825,10-09-2014,15-09-2014,KeithDawkins@gmail.com,"United States,Los Angeles,California",Storage,Fellowes Bases and Tops For Staxonsteel/High-Stak Systems,99.87,3.00,23.97,5,24,9,2014
CA-2011-168305,01-11-2011,08-11-2011,PaulLucas@gmail.com,"United States,Los Angeles,California",Labels,Avery 475,44.40,3.00,22.20,7,50,11,2011
CA-2014-108000,13-01-2014,17-01-2014,LindaSouthworth@gmail.com,"United States,San Francisco,California",Envelopes,Staples,9.78,1.00,4.89,4,50,1,2014
CA-2012-146465,20-11-2012,24-11-2012,PatrickBzostek@gmail.com,"United States,San Francisco,California",Binders,Cardinal Poly Pocket Divider Pockets for Ring Binders,24.19,9.00,7.56,4,31.25,11,2012
US-2014-153948,07-11-2014,07-11-2014,FrankMerwin@gmail.com,"United States,San Francisco,California",Paper,Xerox 191,59.94,3.00,28.17,0,47,11,2014
US-2013-113985,03-12-2013,08-12-2013,KeithDawkins@gmail.com,"United States,San Jose,California",Binders,GBC VeloBind Cover Sets,24.70,2.00,9.26,5,37.5,12,2013
CA-2013-155383,18-12-2013,23-12-2013,SteveCarroll@gmail.com,"United States,Seattle,Washington",Storage,"Personal Filing Tote with Lid, Black/Gray",46.53,3.00,13.03,5,28,12,2013
CA-2014-150420,04-06-2014,09-06-2014,GiuliettaDortch@gmail.com,"United States,Bellingham,Washington",Accessories,Plantronics Audio 995 Wireless Stereo Headset,1099.50,10.00,362.84,5,33,6,2014
CA-2013-103107,05-07-2013,05-07-2013,RickBensley@gmail.com,"United States,Seattle,Washington",Furnishings,"Master Caster Door Stop, Brown",25.40,5.00,8.64,0,34,7,2013
CA-2014-112431,13-10-2014,15-10-2014,RobertWaldorf@gmail.com,"United States,Los Angeles,California",Accessories,SanDisk Cruzer 64 GB USB Flash Drive,435.84,12.00,130.75,2,30,10,2014
CA-2013-151092,07-08-2013,14-08-2013,VivekGonzalez@gmail.com,"United States,Los Angeles,California",Phones,Panasonic KX-TG6844B Expandable Digital Cordless Telephone,211.17,4.00,18.48,7,8.75,8,2013
CA-2011-104178,25-08-2011,29-08-2011,JanetMolinari@gmail.com,"United States,Los Angeles,California",Furnishings,"Eldon 200 Class Desk Accessories, Smoke",6.28,1.00,2.64,4,42,8,2011
CA-2013-127138,13-03-2013,16-03-2013,DeanKatz@gmail.com,"United States,San Francisco,California",Storage,"Tennsco Stur-D-Stor Boltless Shelving, 5 Shelves, 24"" Deep, Sand",676.55,5.00,6.77,3,1,3,2013
CA-2014-150602,10-02-2014,15-02-2014,MarinaLichtenstein@gmail.com,"United States,Los Angeles,California",Furnishings,"Master Big Foot Doorstop, Beige",21.12,4.00,6.55,5,31,2,2014
CA-2011-140732,11-11-2011,13-11-2011,MattAbelman@gmail.com,"United States,Los Angeles,California",Phones,Mophie Juice Pack Helium for iPhone,575.93,9.00,57.59,2,10,11,2011
CA-2014-119011,21-08-2014,26-08-2014,LisaRyan@gmail.com,"United States,San Francisco,California",Supplies,Acme Kleencut Forged Steel Scissors,17.22,3.00,5.17,5,30,8,2014
CA-2011-141726,20-07-2011,22-07-2011,CharlesCrestani@gmail.com,"United States,San Diego,California",Paper,Xerox 189,104.85,1.00,50.33,2,48,7,2011
CA-2014-116953,25-04-2014,26-04-2014,SusanVittorini@gmail.com,"United States,Mesa,Arizona",Phones,AT&T 841000 Phone,552.00,10.00,34.50,1,6.25,4,2014
US-2014-163300,16-09-2014,22-09-2014,EricaSmith@gmail.com,"United States,Los Angeles,California",Binders,GBC DocuBind 200 Manual Binding Machine,2357.49,7.00,884.06,6,37.5,9,2014
US-2011-112991,10-12-2011,14-12-2011,SallyHughsby@gmail.com,"United States,Caldwell,Idaho",Chairs,Office Star - Contemporary Swivel Chair with Padded Adjustable Arms and Flex Back,338.35,3.00,4.23,4,1.25,12,2011
CA-2011-124079,13-12-2011,17-12-2011,RandyFerguson@gmail.com,"United States,Phoenix,Arizona",Furnishings,"Electrix Incandescent Magnifying Lamp, Black",87.96,3.00,7.70,4,8.75,12,2011
CA-2014-107244,08-09-2014,12-09-2014,AllenGoldenen@gmail.com,"United States,Los Angeles,California",Furnishings,"C-Line Magnetic Cubicle Keepers, Clear Polypropylene",19.76,4.00,8.30,4,42,9,2014
CA-2012-135580,30-12-2012,03-01-2013,ClayLudtke@gmail.com,"United States,Los Angeles,California",Paper,Xerox 1929,68.52,3.00,31.52,4,46,12,2012
CA-2013-159016,11-03-2013,12-03-2013,KarenFerguson@gmail.com,"United States,Los Angeles,California",Paper,Rediform Voice Mail Log Books,14.90,5.00,7.15,1,48,3,2013
CA-2011-102652,06-04-2011,12-04-2011,AndyYotov@gmail.com,"United States,Los Angeles,California",Furnishings,Tenex B1-RE Series Chair Mats for Low Pile Carpets,91.96,2.00,15.63,6,17,4,2011
CA-2014-136007,24-02-2014,03-03-2014,AnnChong@gmail.com,"United States,Seattle,Washington",Fasteners,Alliance Rubber Bands,8.40,5.00,0.34,7,4,2,2014
US-2013-112970,15-11-2013,16-11-2013,TimBrockman@gmail.com,"United States,Los Angeles,California",Art,Newell 35,9.84,3.00,2.85,1,29,11,2013
CA-2012-130253,14-12-2012,18-12-2012,PaulProst@gmail.com,"United States,Los Angeles,California",Furnishings,"Master Caster Door Stop, Gray",15.24,3.00,5.18,4,34,12,2012
CA-2014-122364,25-09-2014,30-09-2014,FrankAtkinson@gmail.com,"United States,Los Angeles,California",Phones,Wilson Electronics DB Pro Signal Booster,859.20,3.00,75.18,5,8.75,9,2014
CA-2013-117912,04-02-2013,08-02-2013,TracyBlumstein@gmail.com,"United States,Sierra Vista,Arizona",Furnishings,Nu-Dell Float Frame 11 x 14 1/2,14.37,2.00,3.95,4,27.5,2,2013
CA-2012-113215,03-09-2012,08-09-2012,CathyPrescott@gmail.com,"United States,Tucson,Arizona",Furnishings,"GE 48"" Fluorescent Tube, Cool White Energy Saver, 34 Watts, 30/Box",238.15,3.00,89.31,5,37.5,9,2012
CA-2012-111780,25-12-2012,30-12-2012,RalphArnett@gmail.com,"United States,San Diego,California",Copiers,Brother DCP1000 Digital 3 in 1 Multifunction Machine,1199.96,5.00,224.99,5,18.75,12,2012
CA-2014-166695,21-05-2014,25-05-2014,ChuckClark@gmail.com,"United States,Lakewood,California",Chairs,"Global Geo Office Task Chair, Gray",518.27,8.00,-97.18,4,-18.75,5,2014
CA-2014-121398,26-12-2014,30-12-2014,FredHopkins@gmail.com,"United States,Los Angeles,California",Binders,GBC DocuBind P50 Personal Binding Machine,153.55,3.00,51.82,4,33.75,12,2014
CA-2012-114048,14-12-2012,18-12-2012,EricHoffmann@gmail.com,"United States,Costa Mesa,California",Furnishings,Staples,29.22,3.00,12.86,4,44,12,2012
US-2014-162068,29-12-2014,01-01-2015,PamelaCoakley@gmail.com,"United States,Loveland,Colorado",Binders,Avery Reinforcements for Hole-Punch Pages,1.19,2.00,-0.99,3,-83.33333333,12,2014
CA-2013-133802,15-03-2013,21-03-2013,StephaniePhelps@gmail.com,"United States,Redwood City,California",Binders,Wilson Jones Leather-Like Binders with DublLock Round Rings,41.90,6.00,14.14,6,33.75,3,2013
CA-2014-143378,20-09-2014,26-09-2014,JustinRitter@gmail.com,"United States,Springfield,Oregon",Phones,Mophie Juice Pack Helium for iPhone,191.98,3.00,19.20,6,10,9,2014
CA-2014-145772,04-06-2014,08-06-2014,SaphhiraShifley@gmail.com,"United States,Los Angeles,California",Accessories,Kingston Digital DataTraveler 16GB USB 2.0,44.75,5.00,8.50,4,19,6,2014
US-2011-158400,25-10-2011,28-10-2011,AaronHawkins@gmail.com,"United States,San Francisco,California",Binders,GBC VeloBind Cover Sets,49.41,4.00,18.53,3,37.5,10,2011
CA-2013-148096,17-08-2013,20-08-2013,AnthonyO'Donnell@gmail.com,"United States,Los Angeles,California",Tables,"Barricks 18"" x 48"" Non-Folding Utility Table with Bottom Storage Shelf",161.28,2.00,12.10,3,7.5,8,2013
CA-2013-146766,05-11-2013,05-11-2013,ThomasThornton@gmail.com,"United States,Chula Vista,California",Art,Boston Heavy-Duty Trimline Electric Pencil Sharpeners,192.80,4.00,55.91,0,29,11,2013
CA-2011-131247,30-03-2011,04-04-2011,GuyArmstrong@gmail.com,"United States,San Francisco,California",Bookcases,O'Sullivan Living Dimensions 2-Shelf Bookcases,205.67,2.00,-12.10,5,-5.882352941,3,2011
US-2012-113593,18-04-2012,20-04-2012,NathanCano@gmail.com,"United States,Santa Maria,California",Storage,Advantus Rolling Drawer Organizers,115.44,3.00,30.01,2,26,4,2012
CA-2011-133543,22-12-2011,26-12-2011,KhloeMiller@gmail.com,"United States,San Jose,California",Art,Newell 332,11.76,4.00,3.18,4,27,12,2011
CA-2014-105130,22-11-2014,26-11-2014,PatrickJones@gmail.com,"United States,San Francisco,California",Art,Newell 332,11.76,4.00,3.18,4,27,11,2014
CA-2013-161928,28-06-2013,30-06-2013,AnnaChung@gmail.com,"United States,San Francisco,California",Phones,Ooma Telo VoIP Home Phone System,201.58,2.00,12.60,2,6.25,6,2013
CA-2014-101322,29-12-2014,01-01-2015,JasonGross@gmail.com,"United States,Long Beach,California",Chairs,Novimex Turbo Task Chair,340.70,6.00,-34.07,3,-10,12,2014
CA-2011-111871,18-03-2011,21-03-2011,EileenKiefer@gmail.com,"United States,San Francisco,California",Bookcases,"Bush Heritage Pine Collection 5-Shelf Bookcase, Albany Pine Finish, *Special Order",1198.33,10.00,70.49,3,5.882352941,3,2011
CA-2014-139437,04-07-2014,09-07-2014,RobDowd@gmail.com,"United States,Los Angeles,California",Storage,Rogers Deluxe File Chest,87.92,4.00,0.88,5,1,7,2014
CA-2013-161025,04-12-2013,10-12-2013,GaryMcGarr@gmail.com,"United States,Los Angeles,California",Storage,Fellowes Staxonsteel Drawer Files,772.68,4.00,108.18,6,14,12,2013
CA-2012-132815,19-09-2012,22-09-2012,RickWilson@gmail.com,"United States,Los Angeles,California",Paper,Personal Creations Ink Jet Cards and Labels,22.96,2.00,11.25,3,49,9,2012
CA-2013-143609,12-12-2013,14-12-2013,DeborahBrumfield@gmail.com,"United States,Portland,Oregon",Chairs,"Global Fabric Manager's Chair, Dark Gray",403.92,5.00,25.25,2,6.25,12,2013
CA-2014-107986,14-12-2014,14-12-2014,MitchWebber@gmail.com,"United States,Seattle,Washington",Storage,Sterilite Officeware Hinged File Box,31.44,3.00,8.49,0,27,12,2014
CA-2013-118332,17-12-2013,24-12-2013,PeteKriz@gmail.com,"United States,Apple Valley,California",Chairs,Office Star - Contemporary Swivel Chair with Padded Adjustable Arms and Flex Back,563.92,5.00,7.05,7,1.25,12,2013
CA-2014-119809,19-08-2014,26-08-2014,YanaSorensen@gmail.com,"United States,Seattle,Washington",Binders,Fellowes PB300 Plastic Comb Binding Machine,2793.53,9.00,942.82,7,33.75,8,2014
CA-2014-149944,13-11-2014,17-11-2014,MariaBertelson@gmail.com,"United States,Longview,Washington",Fasteners,Staples,18.24,3.00,9.12,4,50,11,2014
CA-2011-128538,11-10-2011,15-10-2011,AlanShonely@gmail.com,"United States,Redondo Beach,California",Envelopes,"#10- 4 1/8"" x 9 1/2"" Security-Tint Envelopes",7.64,1.00,3.74,4,49,10,2011
US-2014-157224,15-09-2014,19-09-2014,JoyBell-@gmail.com,"United States,Los Angeles,California",Labels,Avery 48,56.70,9.00,26.08,4,46,9,2014
CA-2012-133445,05-10-2012,09-10-2012,JeremyFarry@gmail.com,"United States,Portland,Oregon",Bookcases,"Bush Cubix Collection Bookcases, Fully Assembled",66.29,1.00,-103.86,4,-156.6666667,10,2012
US-2014-142188,12-09-2014,12-09-2014,JenniferFerguson@gmail.com,"United States,Seattle,Washington",Chairs,Office Star - Contemporary Task Swivel Chair,177.57,2.00,8.88,0,5,9,2014
CA-2012-134075,12-12-2012,16-12-2012,HelenAbelman@gmail.com,"United States,San Jose,California",Furnishings,Eldon Cleatmat Chair Mats for Medium Pile Carpets,166.50,3.00,21.65,4,13,12,2012
US-2013-131912,30-10-2013,02-11-2013,LoganHaushalter@gmail.com,"United States,Los Angeles,California",Binders,"XtraLife ClearVue Slant-D Ring Binder, White, 3""",11.74,1.00,3.82,3,32.5,10,2013
CA-2013-165561,25-11-2013,29-11-2013,ClayRozendal@gmail.com,"United States,Bellevue,Washington",Supplies,"Elite 5"" Scissors",25.35,3.00,7.61,4,30,11,2013
CA-2012-112305,20-11-2012,25-11-2012,KatrinaBavinger@gmail.com,"United States,Seattle,Washington",Art,Newell 334,119.04,6.00,30.95,5,26,11,2012
CA-2012-162607,12-05-2012,18-05-2012,RoseO'Brian@gmail.com,"United States,Seattle,Washington",Binders,Prestige Round Ring Binders,14.59,3.00,4.92,6,33.75,5,2012
CA-2014-102379,03-12-2014,07-12-2014,BrendaBowman@gmail.com,"United States,Oakland,California",Phones,Anker Astro 15000mAh USB Portable Charger,39.99,1.00,-8.00,4,-20,12,2014
US-2013-139087,18-07-2013,23-07-2013,DennisKane@gmail.com,"United States,Seattle,Washington",Furnishings,Eldon Image Series Black Desk Accessories,12.42,3.00,4.47,5,36,7,2013
CA-2013-100944,25-09-2013,29-09-2013,EdwardHooks@gmail.com,"United States,Los Angeles,California",Envelopes,"Tyvek Interoffice Envelopes, 9 1/2"" x 12 1/2"", 100/Box",304.90,5.00,143.30,4,47,9,2013
CA-2011-100090,08-07-2011,12-07-2011,EdBraxton@gmail.com,"United States,San Francisco,California",Tables,Hon 2111 Invitation Series Corner Table,502.49,3.00,-87.94,4,-17.5,7,2011
US-2012-139675,13-03-2012,18-03-2012,NicoleFjeld@gmail.com,"United States,Chico,California",Chairs,Global Deluxe High-Back Manager's Chair,915.14,4.00,102.95,5,11.25,3,2012
CA-2012-151253,22-04-2012,26-04-2012,AnnieZypern@gmail.com,"United States,Los Angeles,California",Phones,"Logitech B530 USB Headset - headset - Full size, Binaural",88.78,3.00,7.77,4,8.75,4,2012
CA-2011-169852,21-10-2011,26-10-2011,SylviaFoulston@gmail.com,"United States,San Diego,California",Binders,Plastic Binding Combs,36.36,3.00,12.27,5,33.75,10,2011
CA-2014-107314,01-12-2014,04-12-2014,MariaZettner@gmail.com,"United States,San Francisco,California",Furnishings,Contemporary Borderless Frame,25.83,3.00,9.56,3,37,12,2014
CA-2013-163328,05-11-2013,07-11-2013,TracyPoddar@gmail.com,"United States,Eugene,Oregon",Supplies,Serrated Blade or Curved Handle Hand Letter Openers,17.58,7.00,-4.18,2,-23.75,11,2013
CA-2011-112837,11-09-2011,16-09-2011,LizWillingham@gmail.com,"United States,Oxnard,California",Furnishings,"Deflect-o DuraMat Lighweight, Studded, Beveled Mat for Low Pile Carpeting",127.95,3.00,21.75,5,17,9,2011
CA-2014-161459,26-11-2014,30-11-2014,EdwardBecker@gmail.com,"United States,Laguna Niguel,California",Phones,PayAnywhere Card Reader,39.96,5.00,3.50,4,8.75,11,2014
CA-2012-110289,29-10-2012,02-11-2012,NonaBalk@gmail.com,"United States,San Francisco,California",Paper,Xerox 1898,33.40,5.00,16.03,4,48,10,2012
CA-2013-165995,31-08-2013,07-09-2013,BruceGeld@gmail.com,"United States,Los Angeles,California",Furnishings,"Executive Impressions 10"" Spectator Wall Clock",47.04,4.00,15.99,7,34,8,2013
CA-2012-104486,01-05-2012,06-05-2012,PatrickO'Brill@gmail.com,"United States,San Francisco,California",Binders,"GBC Twin Loop Wire Binding Elements, 9/16"" Spine, Black",12.18,1.00,4.41,5,36.25,5,2012
CA-2014-139080,24-01-2014,29-01-2014,ChrisSelesnick@gmail.com,"United States,Seattle,Washington",Binders,Pressboard Hanging Data Binders for Unburst Sheets,19.68,5.00,6.89,5,35,1,2014
CA-2012-115693,10-12-2012,15-12-2012,FrankCarlisle@gmail.com,"United States,Los Angeles,California",Art,"Boston Electric Pencil Sharpener, Model 1818, Charcoal Black",56.30,2.00,15.76,5,28,12,2012
US-2011-107993,25-11-2011,30-11-2011,SanjitEngle@gmail.com,"United States,Springfield,Oregon",Art,Dixon Ticonderoga Core-Lock Colored Pencils,51.02,7.00,8.29,5,16.25,11,2011
CA-2014-110443,22-11-2014,26-11-2014,ChlorisKastensmidt@gmail.com,"United States,Renton,Washington",Binders,Vinyl Sectional Post Binders,150.80,5.00,56.55,4,37.5,11,2014
US-2014-147998,20-05-2014,25-05-2014,SueAnnReed@gmail.com,"United States,San Jose,California",Binders,GBC Twin Loop Wire Binding Elements,133.12,5.00,49.92,5,37.5,5,2014
US-2013-116442,16-12-2013,23-12-2013,BenjaminPatterson@gmail.com,"United States,Los Angeles,California",Furnishings,"Eldon Expressions Wood Desk Accessories, Oak",14.76,2.00,4.28,7,29,12,2013
US-2011-163797,08-04-2011,13-04-2011,PaulineChand@gmail.com,"United States,Chandler,Arizona",Fasteners,"Alliance Super-Size Bands, Assorted Sizes",49.79,8.00,-11.83,5,-23.75,4,2011
CA-2014-154074,01-09-2014,03-09-2014,BartWatters@gmail.com,"United States,Spokane,Washington",Chairs,Hon 4700 Series Mobuis Mid-Back Task Chairs with Adjustable Arms,569.57,2.00,7.12,2,1.25,9,2014
CA-2014-144750,22-08-2014,22-08-2014,DionisLloyd@gmail.com,"United States,Chandler,Arizona",Paper,Xerox 1941,83.88,1.00,29.36,0,35,8,2014
CA-2011-159121,26-07-2011,01-08-2011,JackO'Briant@gmail.com,"United States,Draper,Utah",Accessories,Memorex Micro Travel Drive 16 GB,111.93,7.00,34.70,6,31,7,2011
CA-2012-149650,24-10-2012,27-10-2012,RobertDilbeck@gmail.com,"United States,Oakland,California",Chairs,Novimex High-Tech Fabric Mesh Task Chair,454.27,8.00,-73.82,3,-16.25,10,2012
US-2014-116897,28-05-2014,30-05-2014,JamesGalang@gmail.com,"United States,Pocatello,Idaho",Furnishings,"Eldon 400 Class Desk Accessories, Black Carbon",35.00,4.00,14.70,2,42,5,2014
CA-2014-161102,01-08-2014,04-08-2014,ErinCreighton@gmail.com,"United States,San Francisco,California",Storage,Eldon Portable Mobile Manager,56.56,2.00,15.27,3,27,8,2014
CA-2014-153080,23-05-2014,26-05-2014,EricHoffmann@gmail.com,"United States,Los Angeles,California",Accessories,"Maxell 74 Minute CDR, 10/Pack",68.46,7.00,25.33,3,37,5,2014
CA-2014-167640,07-03-2014,11-03-2014,FrankCarlisle@gmail.com,"United States,San Francisco,California",Art,Fluorescent Highlighters by Dixon,23.88,6.00,8.12,4,34,3,2014
US-2014-116652,16-09-2014,20-09-2014,RickDuston@gmail.com,"United States,San Francisco,California",Chairs,"Leather Task Chair, Black",218.35,3.00,0.00,4,0,9,2014
US-2014-107888,17-11-2014,20-11-2014,ChrisCortes@gmail.com,"United States,Seattle,Washington",Paper,Xerox 1933,73.68,6.00,34.63,3,47,11,2014
CA-2014-161578,17-12-2014,22-12-2014,RickBensley@gmail.com,"United States,Los Angeles,California",Paper,Xerox 1898,13.36,2.00,6.41,5,48,12,2014
CA-2013-160941,22-07-2013,27-07-2013,DamalaKotsonis@gmail.com,"United States,Roseville,California",Envelopes,Ames Color-File Green Diamond Border X-ray Mailers,419.90,5.00,197.35,5,47,7,2013
CA-2013-161543,11-05-2013,17-05-2013,RogerDemir@gmail.com,"United States,Seattle,Washington",Paper,Xerox 1965,11.96,2.00,5.86,6,49,5,2013
CA-2014-123085,04-03-2014,09-03-2014,EdJacobs@gmail.com,"United States,Los Angeles,California",Accessories,Imation Bio 2GB USB Flash Drive Imation Corp,1049.44,8.00,440.76,5,42,3,2014
CA-2011-103660,25-08-2011,30-08-2011,MitchWebber@gmail.com,"United States,Seattle,Washington",Phones,Polycom VVX 310 VoIP phone,1007.94,7.00,75.60,5,7.5,8,2011
CA-2013-169887,23-10-2013,23-10-2013,MaryBethSkach@gmail.com,"United States,Seattle,Washington",Paper,Xerox 1986,6.68,1.00,3.21,0,48,10,2013
CA-2013-148516,08-08-2013,12-08-2013,DorothyWardle@gmail.com,"United States,Edmonds,Washington",Accessories,Logitech Illuminated - Keyboard,179.97,3.00,86.39,4,48,8,2013
CA-2012-103716,30-04-2012,06-05-2012,KenBlack@gmail.com,"United States,San Francisco,California",Art,Newell 324,34.65,3.00,9.70,6,28,4,2012
CA-2014-146346,18-06-2014,21-06-2014,RyanAkin@gmail.com,"United States,Commerce City,Colorado",Storage,Carina Media Storage Towers in Natural & Black,146.35,3.00,-32.93,3,-22.5,6,2014
CA-2013-148852,27-05-2013,01-06-2013,StewartVisinsky@gmail.com,"United States,Santa Ana,California",Fasteners,"Alliance Big Bands Rubber Bands, 12/Pack",5.94,3.00,0.00,5,0,5,2013
CA-2013-168921,21-10-2013,23-10-2013,AndrewGjertsen@gmail.com,"United States,Los Angeles,California",Binders,"Fellowes Twister Kit, Gray/Clear, 3/pkg",19.30,3.00,6.03,2,31.25,10,2013
CA-2013-123512,18-06-2013,20-06-2013,MikeVittorini@gmail.com,"United States,Los Angeles,California",Bookcases,"Bush Heritage Pine Collection 5-Shelf Bookcase, Albany Pine Finish, *Special Order",239.67,2.00,14.10,2,5.882352941,6,2013
CA-2011-130449,06-09-2011,09-09-2011,VictoriaPisteka@gmail.com,"United States,San Francisco,California",Furnishings,"Eldon Expressions Wood and Plastic Desk Accessories, Cherry Wood",41.88,6.00,12.15,3,29,9,2011
CA-2011-138513,23-05-2011,27-05-2011,EricaHackney@gmail.com,"United States,Bellevue,Washington",Paper,Xerox 1999,12.96,2.00,6.22,4,48,5,2011
CA-2013-105081,26-12-2013,31-12-2013,JoeElijah@gmail.com,"United States,Seattle,Washington",Chairs,Global Executive Mid-Back Manager's Chair,698.35,3.00,52.38,5,7.5,12,2013
CA-2013-166275,25-10-2013,25-10-2013,SoniaSunley@gmail.com,"United States,San Francisco,California",Accessories,Razer Tiamat Over Ear 7.1 Surround Sound PC Gaming Headset,199.99,1.00,86.00,0,43,10,2013
US-2012-156496,10-08-2012,16-08-2012,WilliamBrown@gmail.com,"United States,Redmond,Oregon",Phones,AT&T 1080 Corded phone,438.37,4.00,38.36,6,8.75,8,2012
US-2013-127334,16-12-2013,22-12-2013,MikePelletier@gmail.com,"United States,Springfield,Oregon",Tables,Bretford Rectangular Conference Table Tops,564.20,3.00,-304.67,6,-54,12,2013
CA-2014-135937,21-02-2014,28-02-2014,KatherineMurray@gmail.com,"United States,Gilbert,Arizona",Phones,Toshiba IPT2010-SD IP Telephone,333.58,3.00,25.02,7,7.5,2,2014
CA-2011-154837,23-08-2011,27-08-2011,RobertBarroso@gmail.com,"United States,Los Angeles,California",Binders,GBC Linen Binding Covers,49.57,2.00,17.35,4,35,8,2011
CA-2012-153794,11-09-2012,16-09-2012,SeanBraxton@gmail.com,"United States,San Diego,California",Art,"Hunt PowerHouse Electric Pencil Sharpener, Blue",265.86,7.00,79.76,5,30,9,2012
CA-2011-150329,10-10-2011,14-10-2011,ShirleyDaniels@gmail.com,"United States,Phoenix,Arizona",Furnishings,Westinghouse Clip-On Gooseneck Lamps,46.87,7.00,3.52,4,7.5,10,2011
CA-2011-109134,05-11-2011,10-11-2011,DeanraEno@gmail.com,"United States,Los Angeles,California",Furnishings,OIC Stacking Trays,20.04,6.00,8.82,5,44,11,2011
CA-2012-165162,14-05-2012,21-05-2012,HunterGlantz@gmail.com,"United States,Los Angeles,California",Storage,"Tennsco Snap-Together Open Shelving Units, Starter Sets and Add-On Units",1117.92,4.00,55.90,7,5,5,2012
CA-2014-140494,11-03-2014,16-03-2014,CandaceMcMahon@gmail.com,"United States,San Francisco,California",Accessories,Maxell LTO Ultrium - 800 GB,111.96,4.00,21.27,5,19,3,2014
CA-2014-145429,22-07-2014,26-07-2014,ShaunWeien@gmail.com,"United States,San Diego,California",Paper,"Wirebound Message Forms, Four 2 3/4 x 5 Forms per Page, Pink Paper",16.34,2.00,7.68,4,47,7,2014
CA-2012-139164,23-06-2012,28-06-2012,ChristineSundaresam@gmail.com,"United States,Long Beach,California",Phones,"Plantronics CS 50-USB - headset - Convertible, Monaural",217.58,2.00,19.04,5,8.75,6,2012
CA-2012-123141,14-11-2012,19-11-2012,GaryZandusky@gmail.com,"United States,Rio Rancho,New Mexico",Chairs,SAFCO Arco Folding Chair,883.84,4.00,99.43,5,11.25,11,2012
CA-2013-149503,10-12-2013,13-12-2013,StephaniePhelps@gmail.com,"United States,Stockton,California",Binders,"Wilson Jones Elliptical Ring 3 1/2"" Capacity Binders, 800 sheets",273.92,8.00,99.30,3,36.25,12,2013
CA-2014-102974,20-09-2014,25-09-2014,DavePoirier@gmail.com,"United States,Los Angeles,California",Accessories,Microsoft Natural Ergonomic Keyboard 4000,149.95,5.00,31.49,5,21,9,2014
CA-2013-128811,13-09-2013,17-09-2013,SarahFoster@gmail.com,"United States,Seattle,Washington",Fasteners,OIC Bulk Pack Metal Binder Clips,10.47,3.00,4.82,4,46,9,2013
CA-2011-120096,04-07-2011,07-07-2011,KatrinaEdelman@gmail.com,"United States,Aurora,Colorado",Paper,Xerox 194,177.54,4.00,62.14,3,35,7,2011
CA-2013-123358,11-04-2013,18-04-2013,BrianThompson@gmail.com,"United States,San Francisco,California",Appliances,3M Replacement Filter for Office Air Cleaner for 20' x 33' Room,113.76,3.00,44.37,7,39,4,2013
US-2014-101784,07-07-2014,12-07-2014,PatrickO'Brill@gmail.com,"United States,Los Angeles,California",Chairs,"Global Task Chair, Black",122.14,3.00,-13.74,5,-11.25,7,2014
CA-2014-139402,10-12-2014,14-12-2014,NickCrebassa@gmail.com,"United States,Phoenix,Arizona",Paper,Multicolor Computer Printout Paper,419.40,5.00,146.79,4,35,12,2014
CA-2013-119018,05-11-2013,09-11-2013,CarlWeiss@gmail.com,"United States,Los Angeles,California",Binders,Tuff Stuff Recycled Round Ring Binders,7.71,2.00,2.80,4,36.25,11,2013
CA-2013-124527,17-11-2013,18-11-2013,IoniaMcGrath@gmail.com,"United States,Roseville,California",Binders,Round Ring Binders,8.32,5.00,2.81,1,33.75,11,2013
CA-2013-162348,11-11-2013,16-11-2013,BenFerrer@gmail.com,"United States,Sacramento,California",Furnishings,"Eldon Expressions Wood and Plastic Desk Accessories, Oak",9.98,1.00,2.79,5,28,11,2013
CA-2013-109827,26-12-2013,02-01-2014,LaurelWorkman@gmail.com,"United States,Phoenix,Arizona",Tables,KI Conference Tables,35.45,1.00,-24.10,7,-68,12,2013
CA-2011-152233,05-10-2011,06-10-2011,KeithHerrera@gmail.com,"United States,Pomona,California",Accessories,Plantronics Audio 478 Stereo USB Headset,99.98,2.00,34.99,1,35,10,2011
CA-2014-162880,26-12-2014,30-12-2014,GiuliettaDortch@gmail.com,"United States,Everett,Washington",Binders,Tuff Stuff Recycled Round Ring Binders,3.86,1.00,1.40,4,36.25,12,2014
CA-2011-144414,17-06-2011,21-06-2011,GaryHwang@gmail.com,"United States,Seattle,Washington",Furnishings,Eldon Wave Desk Accessories,6.24,3.00,2.62,4,42,6,2011
US-2014-115609,03-11-2014,08-11-2014,CindyStewart@gmail.com,"United States,Los Angeles,California",Appliances,Fellowes 8 Outlet Superior Workstation Surge Protector w/o Phone/Fax/Modem Protection,168.10,5.00,43.71,5,26,11,2014
CA-2013-153101,09-09-2013,09-09-2013,PaulineJohnson@gmail.com,"United States,Santa Ana,California",Tables,"Lesro Round Back Collection Coffee Table, End Table",146.04,1.00,-12.78,0,-8.75,9,2013
CA-2013-142615,21-11-2013,25-11-2013,BrendanMurry@gmail.com,"United States,Montebello,California",Accessories,Sony Micro Vault Click 4 GB USB 2.0 Flash Drive,27.88,2.00,3.90,4,14,11,2013
CA-2014-142643,16-10-2014,21-10-2014,DionisLloyd@gmail.com,"United States,Thousand Oaks,California",Labels,"Avery 4027 File Folder Labels for Dot Matrix Printers, 5000 Labels per Box, White",152.65,5.00,70.22,5,46,10,2014
CA-2014-107517,06-02-2014,10-02-2014,FredChung@gmail.com,"United States,Torrance,California",Appliances,"Sanyo Counter Height Refrigerator with Crisper, 3.6 Cubic Foot, Stainless Steel/Black",1640.70,5.00,459.40,4,28,2,2014
CA-2011-147543,06-07-2011,12-07-2011,BeckyCastell@gmail.com,"United States,El Cajon,California",Chairs,Global Comet Stacking Armless Chair,478.48,2.00,47.85,6,10,7,2011
US-2013-159093,10-05-2013,15-05-2013,RicardoSperren@gmail.com,"United States,Los Angeles,California",Paper,"TOPS Money Receipt Book, Consecutively Numbered in Red,",32.04,4.00,14.42,5,45,5,2013
CA-2013-162110,19-07-2013,23-07-2013,NoraPaige@gmail.com,"United States,Phoenix,Arizona",Phones,iHome FM Clock Radio with Lightning Dock,55.99,1.00,3.50,4,6.25,7,2013
CA-2011-101462,20-04-2011,25-04-2011,BenjaminPatterson@gmail.com,"United States,Los Angeles,California",Furnishings,"GE 4 Foot Flourescent Tube, 40 Watt",59.92,4.00,27.56,5,46,4,2011
CA-2014-128965,18-04-2014,23-04-2014,PamelaStobb@gmail.com,"United States,Los Angeles,California",Paper,"Rediform S.O.S. 1-Up Phone Message Bk, 4-1/4x3-1/16 Bk, 1 Form/Pg, 40 Messages/Bk, 3/Pk",28.14,3.00,13.51,5,48,4,2014
US-2013-126452,22-08-2013,29-08-2013,ScotCoram@gmail.com,"United States,Los Angeles,California",Binders,Avery Durable Slant Ring Binders,12.67,2.00,4.75,7,37.5,8,2013
CA-2012-162544,16-12-2012,19-12-2012,SandraGlassco@gmail.com,"United States,Seattle,Washington",Paper,Xerox 190,4.98,1.00,2.34,3,47,12,2012
CA-2012-137113,01-12-2012,05-12-2012,TamaraWillingham@gmail.com,"United States,Seattle,Washington",Chairs,Global Troy Executive Leather Low-Back Tilter,2003.92,5.00,125.25,4,6.25,12,2012
CA-2014-120222,26-04-2014,03-05-2014,LaurenLeatherbury@gmail.com,"United States,Los Angeles,California",Paper,"Telephone Message Books with Fax/Mobile Section, 5 1/2"" x 3 3/16""",19.05,3.00,8.76,7,46,4,2014
US-2014-135013,25-07-2014,25-07-2014,HaroldRyan@gmail.com,"United States,Huntington Beach,California",Copiers,Hewlett Packard LaserJet 3310 Copier,2399.96,5.00,839.99,0,35,7,2014
US-2014-149006,07-12-2014,09-12-2014,BradNorvell@gmail.com,"United States,Brentwood,California",Storage,Staples,10.68,1.00,2.88,2,27,12,2014
CA-2013-140249,28-09-2013,04-10-2013,ShaunWeien@gmail.com,"United States,Seattle,Washington",Phones,Samsung Galaxy S4,1001.58,2.00,125.20,6,12.5,9,2013
US-2014-115301,30-07-2014,03-08-2014,VivekGonzalez@gmail.com,"United States,Seattle,Washington",Bookcases,"Bush Westfield Collection Bookcases, Medium Cherry Finish",115.96,2.00,25.51,4,22,7,2014
CA-2014-168942,02-08-2014,06-08-2014,EricMurdock@gmail.com,"United States,San Francisco,California",Storage,"Fellowes Mobile File Cart, Black",186.54,3.00,50.37,4,27,8,2014
US-2014-128398,03-05-2014,06-05-2014,ElizabethMoffitt@gmail.com,"United States,Los Angeles,California",Accessories,Logitech MX Performance Wireless Mouse,159.56,4.00,59.04,3,37,5,2014
CA-2011-124247,16-12-2011,21-12-2011,StefanieHolloman@gmail.com,"United States,Sacramento,California",Chairs,Office Star - Professional Matrix Back Chair with 2-to-1 Synchro Tilt and Mesh Fabric Seat,1403.92,5.00,70.20,5,5,12,2011
CA-2013-105473,17-04-2013,19-04-2013,BryanMills@gmail.com,"United States,Seattle,Washington",Supplies,Stiletto Hand Letter Openers,28.80,3.00,0.86,2,3,4,2013
CA-2014-121706,27-02-2014,03-03-2014,BeckyMartin@gmail.com,"United States,Santa Barbara,California",Appliances,Tripp Lite TLP810NET Broadband Surge for Modem/Fax,356.79,7.00,99.90,4,28,2,2014
CA-2013-140046,29-07-2013,04-08-2013,KhloeMiller@gmail.com,"United States,Los Angeles,California",Labels,Avery 495,18.90,3.00,8.69,6,46,7,2013
CA-2013-140382,24-06-2013,26-06-2013,RubenDartt@gmail.com,"United States,San Francisco,California",Storage,Mobile Personal File Cube,93.68,4.00,25.29,2,27,6,2013
CA-2013-125094,06-11-2013,10-11-2013,NoraPreis@gmail.com,"United States,Seattle,Washington",Accessories,Cherry 142-key Programmable Keyboard,479.72,4.00,52.77,4,11,11,2013
CA-2012-139248,25-07-2012,30-07-2012,RussellD'Ascenzo@gmail.com,"United States,Los Angeles,California",Phones,Motorola L703CM,623.96,5.00,39.00,5,6.25,7,2012
CA-2012-126466,09-11-2012,13-11-2012,JesusOcampo@gmail.com,"United States,Roseville,California",Fasteners,"OIC Binder Clips, Mini, 1/4"" Capacity, Black",2.48,2.00,1.17,4,47,11,2012
CA-2012-129917,02-10-2012,03-10-2012,HenryMacAllister@gmail.com,"United States,Los Angeles,California",Binders,Pressboard Hanging Data Binders for Unburst Sheets,11.81,3.00,4.13,1,35,10,2012
CA-2012-115420,25-04-2012,02-05-2012,LindaSouthworth@gmail.com,"United States,Los Angeles,California",Envelopes,Laser & Ink Jet Business Envelopes,21.34,2.00,9.82,7,46,4,2012
CA-2012-167255,27-09-2012,29-09-2012,RickHuthwaite@gmail.com,"United States,San Francisco,California",Storage,"Personal Filing Tote with Lid, Black/Gray",15.51,1.00,4.34,2,28,9,2012
CA-2014-162096,11-11-2014,11-11-2014,ThomasBrumley@gmail.com,"United States,Riverside,California",Art,12 Colored Short Pencils,7.80,3.00,2.11,0,27,11,2014
CA-2013-163937,10-01-2013,13-01-2013,JoyBell-@gmail.com,"United States,Longview,Washington",Furnishings,"DAX Value U-Channel Document Frames, Easel Back",24.85,5.00,7.70,3,31,1,2013
CA-2014-153822,20-09-2014,26-09-2014,AdrianBarton@gmail.com,"United States,Phoenix,Arizona",Storage,Akro Stacking Bins,12.62,2.00,-2.52,6,-20,9,2014
CA-2012-112144,28-06-2012,02-07-2012,CraigYedwab@gmail.com,"United States,Gilbert,Arizona",Labels,Avery 501,5.90,2.00,1.99,4,33.75,6,2012
CA-2014-149076,15-01-2014,20-01-2014,SeanO'Donnell@gmail.com,"United States,Los Angeles,California",Paper,Xerox 19,154.90,5.00,69.71,5,45,1,2014
CA-2012-166800,19-11-2012,26-11-2012,AleksandraGannaway@gmail.com,"United States,Las Vegas,Nevada",Appliances,Hoover Commercial Soft Guard Upright Vacuum And Disposable Filtration Bags,31.08,4.00,8.39,7,27,11,2012
US-2013-134369,17-09-2013,23-09-2013,BeckyCastell@gmail.com,"United States,Laguna Niguel,California",Paper,Xerox 1966,12.96,2.00,6.35,6,49,9,2013
CA-2011-133158,19-08-2011,21-08-2011,DavidWiener@gmail.com,"United States,Los Angeles,California",Furnishings,"Deflect-o EconoMat Studded, No Bevel Mat for Low Pile Carpeting",289.24,7.00,26.03,2,9,8,2011
CA-2014-141201,10-12-2014,12-12-2014,DanielByrd@gmail.com,"United States,Salinas,California",Bookcases,O'Sullivan 3-Shelf Heavy-Duty Bookcases,148.26,3.00,15.70,2,10.58823529,12,2014
CA-2011-124737,23-08-2011,27-08-2011,ArthurPrichep@gmail.com,"United States,Denver,Colorado",Paper,Xerox 1976,15.55,3.00,5.44,4,35,8,2011
CA-2014-119494,10-11-2014,14-11-2014,JimEpp@gmail.com,"United States,San Diego,California",Chairs,"Lifetime Advantage Folding Chairs, 4/Carton",523.39,3.00,52.34,4,10,11,2014
CA-2011-150581,08-04-2011,12-04-2011,NathanMautz@gmail.com,"United States,Concord,California",Tables,Bevis 36 x 72 Conference Tables,99.59,1.00,2.49,4,2.5,4,2011
CA-2011-141355,25-09-2011,30-09-2011,BarryFranz@gmail.com,"United States,Aurora,Colorado",Art,Dixon Ticonderoga Core-Lock Colored Pencils,14.58,2.00,2.37,5,16.25,9,2011
CA-2013-165330,12-12-2013,12-12-2013,WilliamBrown@gmail.com,"United States,Anaheim,California",Binders,Ibico Laser Imprintable Binding System Covers,209.60,5.00,68.12,0,32.5,12,2013
CA-2012-132633,03-02-2012,05-02-2012,KenHeidel@gmail.com,"United States,Pleasant Grove,Utah",Binders,Wilson Jones Standard D-Ring Binders,12.14,3.00,4.10,2,33.75,2,2012
CA-2013-157742,30-12-2013,01-01-2014,KenLonsdale@gmail.com,"United States,Springfield,Oregon",Envelopes,"Peel & Seel Recycled Catalog Envelopes, Brown",27.79,3.00,10.42,2,37.5,12,2013
CA-2014-127712,01-09-2014,06-09-2014,MichaelGranlund@gmail.com,"United States,Salem,Oregon",Supplies,Acme Kleen Earth Office Shears,6.21,2.00,0.70,5,11.25,9,2014
CA-2011-106726,06-12-2011,08-12-2011,RolandSchwarz@gmail.com,"United States,Los Angeles,California",Storage,Standard Rollaway File with Lock,1261.33,7.00,327.95,2,26,12,2011
CA-2013-147473,31-05-2013,04-06-2013,NancyLomonaco@gmail.com,"United States,Los Angeles,California",Paper,Xerox 228,38.88,6.00,18.66,4,48,5,2013
CA-2011-141901,09-08-2011,14-08-2011,GeneMcClure@gmail.com,"United States,Fresno,California",Paper,Great White Multi-Use Recycled Paper (20Lb. and 84 Bright),5.98,1.00,2.69,5,45,8,2011
CA-2013-167416,13-05-2013,18-05-2013,JillMatthias@gmail.com,"United States,Seattle,Washington",Envelopes,"Manila Recycled Extra-Heavyweight Clasp Envelopes, 6"" x 9""",54.90,5.00,26.90,5,49,5,2013
CA-2014-118724,22-07-2014,26-07-2014,AnthonyRawles@gmail.com,"United States,Concord,California",Art,Nontoxic Chalk,3.52,2.00,1.69,4,48,7,2014
US-2014-143175,04-08-2014,07-08-2014,GeorgeAshbrook@gmail.com,"United States,Los Angeles,California",Storage,Fellowes Bases and Tops For Staxonsteel/High-Stak Systems,99.87,3.00,23.97,3,24,8,2014
CA-2012-105844,25-10-2012,27-10-2012,JenniferFerguson@gmail.com,"United States,Sparks,Nevada",Art,Newell 319,79.36,4.00,23.81,2,30,10,2012
CA-2014-118864,16-06-2014,20-06-2014,KristenHastings@gmail.com,"United States,Los Angeles,California",Phones,Panasonic KX T7736-B Digital phone,119.96,1.00,7.50,4,6.25,6,2014
CA-2011-159625,23-11-2011,28-11-2011,SallyMatthias@gmail.com,"United States,Scottsdale,Arizona",Envelopes,Staples,23.47,3.00,8.80,5,37.5,11,2011
CA-2014-147410,05-09-2014,09-09-2014,EvaJacobs@gmail.com,"United States,Santa Ana,California",Storage,"24 Capacity Maxi Data Binder Racks, Pearl",421.10,2.00,105.28,4,25,9,2014
US-2013-102239,06-05-2013,07-05-2013,LindsayWilliams@gmail.com,"United States,Henderson,Nevada",Tables,Global Adaptabilities Conference Tables,1685.88,6.00,320.32,1,19,5,2013
CA-2011-143168,18-10-2011,23-10-2011,IvanGibson@gmail.com,"United States,Seattle,Washington",Paper,Xerox 1925,61.96,2.00,27.88,5,45,10,2011
CA-2014-118122,18-11-2014,25-11-2014,GregGuthrie@gmail.com,"United States,Seattle,Washington",Binders,"Cardinal Slant-D Ring Binder, Heavy Gauge Vinyl",13.90,2.00,4.52,7,32.5,11,2014
CA-2014-166926,02-12-2014,09-12-2014,SeanO'Donnell@gmail.com,"United States,Seattle,Washington",Paper,Xerox 1947,41.86,7.00,18.84,7,45,12,2014
CA-2014-142909,23-12-2014,26-12-2014,AlexGrayson@gmail.com,"United States,Mesa,Arizona",Tables,"Lesro Round Back Collection Coffee Table, End Table",182.55,2.00,-135.09,3,-74,12,2014
CA-2013-131380,29-03-2013,01-04-2013,ChrisCortes@gmail.com,"United States,Los Angeles,California",Storage,Rogers Deluxe File Chest,87.92,4.00,0.88,3,1,3,2013
CA-2011-117464,22-07-2011,24-07-2011,NaresjPatel@gmail.com,"United States,San Francisco,California",Art,Newell 32,11.52,4.00,3.23,2,28,7,2011
CA-2014-125381,26-04-2014,28-04-2014,SperosGoranitis@gmail.com,"United States,San Francisco,California",Accessories,Sony 64GB Class 10 Micro SDHC R40 Memory Card,107.97,3.00,22.67,2,21,4,2014
CA-2014-150609,01-05-2014,05-05-2014,NickZandusky@gmail.com,"United States,Los Angeles,California",Binders,Fellowes Black Plastic Comb Bindings,23.24,5.00,7.55,4,32.5,5,2014
CA-2013-164399,13-11-2013,16-11-2013,DiannaWilson@gmail.com,"United States,San Diego,California",Phones,Panasonic KX TS3282W Corded phone,203.98,3.00,25.50,3,12.5,11,2013
CA-2013-147683,14-11-2013,18-11-2013,PhilisseOvercash@gmail.com,"United States,Seattle,Washington",Furnishings,DAX Solid Wood Frames,19.54,2.00,7.23,4,37,11,2013
CA-2011-116785,26-04-2011,30-04-2011,MarcHarrigan@gmail.com,"United States,Los Angeles,California",Art,Newell 347,21.40,5.00,6.21,4,29,4,2011
CA-2014-137414,03-10-2014,07-10-2014,ChadMcGuire@gmail.com,"United States,San Francisco,California",Furnishings,Dax Clear Box Frame,17.46,2.00,5.94,4,34,10,2014
CA-2013-143476,12-09-2013,14-09-2013,LindaCazamias@gmail.com,"United States,Phoenix,Arizona",Art,"Crayola Anti Dust Chalk, 12/Pack",2.91,2.00,0.91,2,31.25,9,2013
US-2013-119046,03-06-2013,07-06-2013,EdwardHooks@gmail.com,"United States,Seattle,Washington",Paper,Riverleaf Stik-Withit Designer Note Cubes,30.18,3.00,13.88,4,46,6,2013
CA-2014-154949,16-10-2014,20-10-2014,MarcCrier@gmail.com,"United States,Camarillo,California",Labels,Avery 478,14.73,3.00,7.22,4,49,10,2014
CA-2012-150770,03-05-2012,06-05-2012,LenaCacioppo@gmail.com,"United States,San Francisco,California",Art,Newell 317,8.82,3.00,2.56,3,29,5,2012
CA-2013-109953,15-07-2013,19-07-2013,RaymondBuch@gmail.com,"United States,San Francisco,California",Phones,Panasonic Kx-TS550,110.38,3.00,12.42,4,11.25,7,2013
CA-2011-157546,20-07-2011,22-07-2011,RogerDemir@gmail.com,"United States,San Francisco,California",Binders,Clear Mylar Reinforcing Strips,89.71,6.00,30.28,2,33.75,7,2011
CA-2011-138737,07-12-2011,10-12-2011,FrankPreis@gmail.com,"United States,Los Angeles,California",Art,Newell 32,8.64,3.00,2.42,3,28,12,2011
CA-2013-101651,25-12-2013,31-12-2013,SeanChristensen@gmail.com,"United States,San Jose,California",Furnishings,"Eldon 200 Class Desk Accessories, Smoke",43.96,7.00,18.46,6,42,12,2013
CA-2014-136651,24-04-2014,26-04-2014,JayFein@gmail.com,"United States,Pasadena,California",Furnishings,"DAX Two-Tone Rosewood/Black Document Frame, Desktop, 5 x 7",66.36,7.00,26.54,2,40,4,2014
US-2014-151127,23-05-2014,26-05-2014,RobLucas@gmail.com,"United States,Los Angeles,California",Art,SANFORD Major Accent Highlighters,49.56,7.00,18.83,3,38,5,2014
CA-2014-145807,10-02-2014,14-02-2014,SarahBern@gmail.com,"United States,Los Angeles,California",Storage,Sensible Storage WireTech Storage Systems,354.90,5.00,17.75,4,5,2,2014
CA-2012-158491,04-06-2012,09-06-2012,BeckyPak@gmail.com,"United States,Los Angeles,California",Accessories,Logitech Wireless Anywhere Mouse MX for PC and Mac,119.98,2.00,35.99,5,30,6,2012
CA-2014-137001,11-06-2014,14-06-2014,GeorgeZrebassa@gmail.com,"United States,Thousand Oaks,California",Art,"Sanford EarthWrite Recycled Pencils, Medium Soft, #2",14.70,7.00,4.12,3,28,6,2014
CA-2013-123337,17-09-2013,23-09-2013,KeithDawkins@gmail.com,"United States,San Jose,California",Bookcases,"Sauder Forest Hills Library with Doors, Woodland Oak Finish",273.67,2.00,-12.88,6,-4.705882353,9,2013
CA-2012-144519,13-11-2012,17-11-2012,ArthurWiediger@gmail.com,"United States,Helena,Montana",Phones,Panasonic KX TS3282W Corded phone,339.96,5.00,42.50,4,12.5,11,2012
CA-2013-157217,20-07-2013,22-07-2013,TracyCollins@gmail.com,"United States,San Francisco,California",Phones,Griffin GC36547 PowerJolt SE Lightning Charger,35.98,2.00,4.50,2,12.5,7,2013
CA-2013-108224,15-05-2013,15-05-2013,TiffanyHouse@gmail.com,"United States,Yuma,Arizona",Accessories,Imation 16GB Mini TravelDrive USB 2.0 Flash Drive,185.53,7.00,48.70,0,26.25,5,2013
CA-2014-159282,17-10-2014,22-10-2014,GaryHansen@gmail.com,"United States,Yuma,Arizona",Machines,Swingline SM12-08 MicroCut Jam Free Shredder,599.99,5.00,-479.99,5,-80,10,2014
CA-2014-151183,15-10-2014,20-10-2014,BerenikeKampe@gmail.com,"United States,San Francisco,California",Accessories,"Verbatim 25 GB 6x Blu-ray Single Layer Recordable Disc, 10/Pack",46.36,4.00,15.30,5,33,10,2014
CA-2013-153661,30-01-2013,31-01-2013,StevenCartwright@gmail.com,"United States,San Francisco,California",Storage,"File Shuttle II and Handi-File, Black",305.01,9.00,76.25,1,25,1,2013
CA-2013-113656,23-01-2013,29-01-2013,ChristyBrittain@gmail.com,"United States,Los Angeles,California",Furnishings,"DAX Cubicle Frames, 8-1/2 x 11",59.99,7.00,21.60,6,36,1,2013
CA-2012-148964,26-05-2012,31-05-2012,RubenDartt@gmail.com,"United States,Bellevue,Washington",Furnishings,"DAX Metal Frame, Desktop, Stepped-Edge",20.24,1.00,7.89,5,39,5,2012
CA-2013-144092,06-11-2013,08-11-2013,LoganHaushalter@gmail.com,"United States,San Jose,California",Accessories,KeyTronic E03601U1 - Keyboard - Beige,72.00,4.00,12.96,2,18,11,2013
CA-2014-158120,18-11-2014,22-11-2014,KatharineHarms@gmail.com,"United States,Hillsboro,Oregon",Paper,"Wirebound Message Forms, Four 2 3/4 x 5 Forms per Page, Pink Paper",19.61,3.00,6.62,4,33.75,11,2014
US-2014-128447,11-11-2014,18-11-2014,MichaelChen@gmail.com,"United States,Pasco,Washington",Appliances,"Eureka The Boss Lite 10-Amp Upright Vacuum, Blue",400.80,5.00,112.22,7,28,11,2014
US-2011-131275,18-03-2011,24-03-2011,SampleCompanyA@gmail.com,"United States,Burbank,California",Furnishings,Eldon Cleatmat Chair Mats for Medium Pile Carpets,111.00,2.00,14.43,6,13,3,2011
CA-2014-165155,22-09-2014,24-09-2014,BrendanMurry@gmail.com,"United States,Los Angeles,California",Storage,"Tenex Personal Filing Tote With Secure Closure Lid, Black/Frost",15.51,1.00,3.88,2,25,9,2014
CA-2014-141138,11-11-2014,17-11-2014,GaryHwang@gmail.com,"United States,Modesto,California",Accessories,Memorex Mini Travel Drive 16 GB USB 2.0 Flash Drive,111.79,7.00,43.60,6,39,11,2014
CA-2014-154102,07-02-2014,14-02-2014,SkyeNorling@gmail.com,"United States,San Francisco,California",Paper,Xerox 1947,29.90,5.00,13.46,7,45,2,2014
CA-2013-114748,10-10-2013,15-10-2013,MariaZettner@gmail.com,"United States,Phoenix,Arizona",Art,Newell 310,1.41,1.00,0.16,5,11.25,10,2013
CA-2013-163594,13-04-2013,15-04-2013,JasonFortune-@gmail.com,"United States,Los Angeles,California",Paper,Xerox 206,19.44,3.00,9.33,2,48,4,2013
US-2014-123862,08-01-2014,10-01-2014,JamieFrazer@gmail.com,"United States,Long Beach,California",Storage,Eldon Fold 'N Roll Cart System,153.78,11.00,44.60,2,29,1,2014
CA-2014-100580,14-08-2014,21-08-2014,MichaelKennedy@gmail.com,"United States,San Diego,California",Binders,"GBC Prepunched Paper, 19-Hole, for Binding Systems, 24-lb",36.02,3.00,11.71,7,32.5,8,2014
CA-2011-132787,19-09-2011,23-09-2011,MikeCaudle@gmail.com,"United States,Seattle,Washington",Storage,"Decoflex Hanging Personal Folder File, Blue",92.52,6.00,24.98,4,27,9,2011
CA-2014-147844,03-05-2014,07-05-2014,DorothyDickinson@gmail.com,"United States,Los Angeles,California",Paper,"Adams ""While You Were Out"" Message Pads",15.70,5.00,7.07,4,45,5,2014
CA-2013-110009,09-09-2013,14-09-2013,TobyRitter@gmail.com,"United States,Seattle,Washington",Furnishings,"Howard Miller 11-1/2"" Diameter Grantwood Wall Clock",43.13,1.00,14.66,5,34,9,2013
CA-2012-100146,14-05-2012,19-05-2012,ClaudiaBergmann@gmail.com,"United States,Camarillo,California",Bookcases,"Bush Andora Bookcase, Maple/Graphite Gray Finish",509.96,5.00,42.00,5,8.235294118,5,2012
CA-2013-129728,31-05-2013,07-06-2013,JasonGross@gmail.com,"United States,Los Angeles,California",Furnishings,36X48 HARDFLOOR CHAIRMAT,167.84,8.00,11.75,7,7,5,2013
CA-2014-121125,31-05-2014,04-06-2014,MichaelGranlund@gmail.com,"United States,Tigard,Oregon",Phones,LG G3,156.79,1.00,17.64,4,11.25,5,2014
CA-2011-161249,09-08-2011,13-08-2011,RogerDemir@gmail.com,"United States,Phoenix,Arizona",Fasteners,"Super Bands, 12/Pack",4.46,3.00,-0.95,4,-21.25,8,2011
CA-2012-148180,26-07-2012,31-07-2012,BartPistole@gmail.com,"United States,Oxnard,California",Binders,"Acco Pressboard Covers with Storage Hooks, 9 1/2"" x 11"", Executive Red",9.14,3.00,3.09,5,33.75,7,2012
CA-2011-165568,16-02-2011,20-02-2011,BarryFranzösisch@gmail.com,"United States,Seattle,Washington",Binders,Pressboard Data Binders by Wilson Jones,21.36,5.00,7.21,4,33.75,2,2011
CA-2012-145457,24-03-2012,27-03-2012,CathyPrescott@gmail.com,"United States,Covington,Washington",Furnishings,"Eldon Expressions Punched Metal & Wood Desk Accessories, Black & Cherry",46.90,5.00,13.13,3,28,3,2012
US-2014-163657,03-09-2014,07-09-2014,JanetLee@gmail.com,"United States,Los Angeles,California",Binders,Acco Translucent Poly Ring Binders,18.72,5.00,6.55,4,35,9,2014
CA-2012-120446,16-11-2012,18-11-2012,JohnGrady@gmail.com,"United States,San Diego,California",Labels,Avery 51,18.90,3.00,8.69,2,46,11,2012
US-2012-136987,11-04-2012,14-04-2012,AndyReiter@gmail.com,"United States,Los Angeles,California",Copiers,Canon PC-428 Personal Copier,639.97,4.00,215.99,3,33.75,4,2012
CA-2012-138485,27-02-2012,01-03-2012,NoraPaige@gmail.com,"United States,Seattle,Washington",Accessories,Microsoft Natural Keyboard Elite,538.92,9.00,80.84,3,15,2,2012
CA-2013-103709,09-09-2013,16-09-2013,LizPreis@gmail.com,"United States,Visalia,California",Art,"Eberhard Faber 3 1/2"" Golf Pencils",14.88,2.00,3.72,7,25,9,2013
CA-2013-138282,20-05-2013,24-05-2013,AnnaHäberlin@gmail.com,"United States,Los Angeles,California",Appliances,Staples,87.84,8.00,23.72,4,27,5,2013
CA-2014-148985,12-11-2014,16-11-2014,ThomasBrumley@gmail.com,"United States,Los Angeles,California",Furnishings,Dax Clear Box Frame,34.92,4.00,11.87,4,34,11,2014
CA-2013-139997,02-07-2013,04-07-2013,EugeneMoren@gmail.com,"United States,Lehi,Utah",Copiers,Hewlett Packard 310 Color Digital Copier,1499.95,5.00,449.99,2,30,7,2013
CA-2013-124583,02-09-2013,04-09-2013,LaurelBeltran@gmail.com,"United States,Huntington Beach,California",Envelopes,Globe Weis Peel & Seel First Class Envelopes,12.78,1.00,5.75,2,45,9,2013
CA-2014-157196,06-11-2014,10-11-2014,AnnaAndreadi@gmail.com,"United States,San Diego,California",Paper,Xerox 1996,12.96,2.00,6.22,4,48,11,2014
CA-2012-108672,10-09-2012,16-09-2012,FrankAtkinson@gmail.com,"United States,Los Angeles,California",Furnishings,"Seth Thomas 13 1/2"" Wall Clock",106.68,6.00,33.07,6,31,9,2012
CA-2014-121048,15-07-2014,19-07-2014,TobyCarlisle@gmail.com,"United States,Westminster,California",Binders,Acco Suede Grain Vinyl Round Ring Binder,4.45,2.00,1.45,4,32.5,7,2014
US-2014-120117,31-03-2014,31-03-2014,TomBoeckenhauer@gmail.com,"United States,Los Angeles,California",Art,Manco Dry-Lighter Erasable Highlighter,6.08,2.00,2.07,0,34,3,2014
CA-2011-115889,02-11-2011,06-11-2011,ShahidHopkins@gmail.com,"United States,San Francisco,California",Phones,AT&T CL82213,46.38,2.00,5.22,4,11.25,11,2011
CA-2011-125731,10-09-2011,16-09-2011,ClayLudtke@gmail.com,"United States,Gresham,Oregon",Envelopes,Peel & Seel Envelopes,21.73,7.00,7.60,6,35,9,2011
US-2014-106145,27-09-2014,27-09-2014,RubenAusman@gmail.com,"United States,San Francisco,California",Envelopes,Staples,71.88,6.00,33.06,0,46,9,2014
CA-2013-107146,18-06-2013,20-06-2013,LenaCreighton@gmail.com,"United States,Longmont,Colorado",Furnishings,"Rubbermaid ClusterMat Chairmats, Mat Size- 66"" x 60"", Lip 20"" x 11"" -90 Degree Angle",266.35,3.00,-13.32,2,-5,6,2013
US-2014-160143,01-04-2014,08-04-2014,HenryGoldwyn@gmail.com,"United States,Los Angeles,California",Supplies,Acme Tagit Stainless Steel Antibacterial Scissors,29.70,3.00,8.02,7,27,4,2014
CA-2013-106460,19-02-2013,22-02-2013,GregTran@gmail.com,"United States,San Francisco,California",Paper,Xerox 1880,70.88,2.00,33.31,3,47,2,2013
US-2014-112347,03-12-2014,07-12-2014,BillStewart@gmail.com,"United States,Denver,Colorado",Storage,Letter Size Cart,114.29,1.00,12.86,4,11.25,12,2014
CA-2014-157672,06-10-2014,08-10-2014,RossBaird@gmail.com,"United States,Denver,Colorado",Accessories,Logitech MX Performance Wireless Mouse,63.82,2.00,13.56,2,21.25,10,2014
US-2013-166660,30-01-2013,01-02-2013,TimBrockman@gmail.com,"United States,Seattle,Washington",Chairs,Global Deluxe High-Back Office Chair in Storm,435.17,4.00,-59.84,2,-13.75,1,2013
CA-2011-133830,05-12-2011,10-12-2011,RobLucas@gmail.com,"United States,Los Angeles,California",Art,Prang Colored Pencils,26.46,9.00,11.91,5,45,12,2011
CA-2012-129532,08-12-2012,12-12-2012,YanaSorensen@gmail.com,"United States,Los Angeles,California",Storage,"Stur-D-Stor Shelving, Vertical 5-Shelf: 72""H x 36""W x 18 1/2""D",221.96,2.00,4.44,4,2,12,2012
CA-2011-134726,02-11-2011,07-11-2011,StevenWard@gmail.com,"United States,Seattle,Washington",Accessories,"Maxell 74 Minute CD-R Spindle, 50/Pack",41.94,2.00,15.10,5,36,11,2011
CA-2014-122945,17-11-2014,23-11-2014,MickBrown@gmail.com,"United States,Roseville,California",Furnishings,DAX Cubicle Frames - 8x10,17.31,3.00,5.19,6,30,11,2014
CA-2012-164567,15-06-2012,19-06-2012,GraceKelly@gmail.com,"United States,Los Angeles,California",Phones,Jabra SPEAK 410,225.58,3.00,22.56,4,10,6,2012
CA-2011-131947,17-09-2011,22-09-2011,JosephAirdo@gmail.com,"United States,Springfield,Oregon",Art,Newell 313,5.25,2.00,0.46,5,8.75,9,2011
CA-2014-163209,04-05-2014,08-05-2014,MikeKennedy@gmail.com,"United States,San Francisco,California",Paper,Xerox 2,25.92,4.00,12.44,4,48,5,2014
CA-2011-133354,23-02-2011,25-02-2011,SueAnnReed@gmail.com,"United States,Moreno Valley,California",Paper,Xerox 220,19.44,3.00,9.33,2,48,2,2011
CA-2014-151225,28-10-2014,30-10-2014,JimMitchum@gmail.com,"United States,Los Angeles,California",Tables,Chromcraft Rectangular Conference Tables,189.58,1.00,9.48,2,5,10,2014
US-2011-144078,25-11-2011,29-11-2011,RichardBierner@gmail.com,"United States,Los Angeles,California",Phones,Logitech Mobile Speakerphone P710e - speaker phone,539.92,5.00,47.24,4,8.75,11,2011
US-2012-159499,21-11-2012,23-11-2012,EudokiaMartin@gmail.com,"United States,Phoenix,Arizona",Appliances,Fellowes Command Center 5-outlet power strip,325.63,6.00,28.49,2,8.75,11,2012
US-2013-157490,07-10-2013,08-10-2013,LaurelBeltran@gmail.com,"United States,Pueblo,Colorado",Machines,Zebra GK420t Direct Thermal/Thermal Transfer Printer,703.71,6.00,-938.28,1,-133.3333333,10,2013
CA-2012-161452,05-04-2012,11-04-2012,CarolAdams@gmail.com,"United States,Los Angeles,California",Chairs,GuestStacker Chair with Chrome Finish Legs,892.22,3.00,89.22,6,10,4,2012
CA-2013-138968,16-03-2013,17-03-2013,FredChung@gmail.com,"United States,San Francisco,California",Binders,Avery Round Ring Poly Binders,4.54,2.00,1.65,1,36.25,3,2013
CA-2012-107685,30-11-2012,02-12-2012,JohnMurray@gmail.com,"United States,Las Vegas,Nevada",Furnishings,"DAX Contemporary Wood Frame with Silver Metal Mat, Desktop, 11 x 14 Size",80.96,4.00,29.15,2,36,11,2012
US-2011-120740,15-04-2011,15-04-2011,PaulStevenson@gmail.com,"United States,Los Angeles,California",Appliances,Belkin F9G930V10-GRY 9 Outlet Surge,106.96,2.00,31.02,0,29,4,2011
US-2014-141509,30-09-2014,02-10-2014,SoniaCooley@gmail.com,"United States,Los Angeles,California",Art,Newell 334,99.20,5.00,25.79,2,26,9,2014
CA-2014-133487,07-05-2014,10-05-2014,TrudySchmidt@gmail.com,"United States,Rancho Cucamonga,California",Appliances,Eureka The Boss Cordless Rechargeable Stick Vac,152.94,3.00,41.29,3,27,5,2014
CA-2011-102330,29-12-2011,03-01-2012,ArianneIrving@gmail.com,"United States,Brentwood,California",Labels,Alphabetical Labels for Top Tab Filing,88.80,6.00,44.40,5,50,12,2011
CA-2013-118899,23-03-2013,23-03-2013,MarcCrier@gmail.com,"United States,Seattle,Washington",Chairs,"Global Stack Chair with Arms, Black",167.89,7.00,14.69,0,8.75,3,2013
CA-2014-100237,16-10-2014,20-10-2014,StuartVan@gmail.com,"United States,Orem,Utah",Art,Avery Hi-Liter Smear-Safe Highlighters,11.68,2.00,4.20,4,36,10,2014
US-2012-142811,02-04-2012,07-04-2012,JohnLucas@gmail.com,"United States,Mesa,Arizona",Phones,Samsung HM1900 Bluetooth Headset,87.80,5.00,32.93,5,37.5,4,2012
CA-2011-150203,05-12-2011,07-12-2011,JoniBlumstein@gmail.com,"United States,Los Angeles,California",Appliances,Fellowes 8 Outlet Superior Workstation Surge Protector,250.26,6.00,72.58,2,29,12,2011
CA-2012-149636,06-01-2012,12-01-2012,StefaniaPerrino@gmail.com,"United States,Colorado Springs,Colorado",Paper,"It's Hot Message Books with Stickers, 2 3/4"" x 5""",29.60,5.00,9.25,6,31.25,1,2012
US-2014-146213,10-09-2014,15-09-2014,MattConnell@gmail.com,"United States,Los Angeles,California",Accessories,Microsoft Wireless Mobile Mouse 4000,159.96,4.00,51.19,5,32,9,2014
US-2014-138086,17-04-2014,21-04-2014,JesusOcampo@gmail.com,"United States,San Francisco,California",Appliances,Hoover Commercial SteamVac,40.74,3.00,12.22,4,30,4,2014
CA-2014-104850,14-06-2014,20-06-2014,TamaraWillingham@gmail.com,"United States,Seattle,Washington",Chairs,"Global Wood Trimmed Manager's Task Chair, Khaki",291.14,4.00,-25.47,6,-8.75,6,2014
CA-2014-134418,16-09-2014,21-09-2014,GeneMcClure@gmail.com,"United States,Seattle,Washington",Art,BIC Brite Liner Highlighters,12.42,3.00,5.22,5,42,9,2014
US-2013-106313,23-08-2013,27-08-2013,DeirdreGreer@gmail.com,"United States,Seattle,Washington",Paper,Xerox 202,19.44,3.00,9.33,4,48,8,2013
CA-2011-154781,21-11-2011,26-11-2011,SteveCarroll@gmail.com,"United States,San Francisco,California",Paper,Tops Wirebound Message Log Books,6.58,2.00,3.03,5,46,11,2011
CA-2012-147816,24-09-2012,26-09-2012,CarlosMeador@gmail.com,"United States,Tucson,Arizona",Phones,Samsung HM1900 Bluetooth Headset,35.12,2.00,13.17,2,37.5,9,2012
CA-2014-105326,21-08-2014,28-08-2014,KeanThornton@gmail.com,"United States,Los Angeles,California",Paper,Xerox 203,25.92,4.00,12.44,7,48,8,2014
CA-2014-156391,27-09-2014,29-09-2014,SaraLuxemburg@gmail.com,"United States,Salem,Oregon",Art,Prang Drawing Pencil Set,2.22,1.00,0.56,2,25,9,2014
CA-2012-169299,24-08-2012,26-08-2012,DennyOrdway@gmail.com,"United States,Portland,Oregon",Art,"Premium Writing Pencils, Soft, #2 by Central Association for the Blind",7.15,3.00,0.72,2,10,8,2012
CA-2013-155978,02-08-2013,02-08-2013,ThomasSeio@gmail.com,"United States,Riverside,California",Phones,Apple iPhone 5,1039.73,2.00,90.98,0,8.75,8,2013
CA-2013-152800,14-04-2013,16-04-2013,SusanPistek@gmail.com,"United States,San Francisco,California",Envelopes,Poly String Tie Envelopes,6.12,3.00,2.88,2,47,4,2013
CA-2011-166961,27-12-2011,31-12-2011,CynthiaDelaney@gmail.com,"United States,Moreno Valley,California",Appliances,Staples,10.98,1.00,2.96,4,27,12,2011
CA-2012-127481,12-12-2012,15-12-2012,JonathanDoherty@gmail.com,"United States,Las Vegas,Nevada",Paper,Xerox 1930,32.40,5.00,15.88,3,49,12,2012
CA-2011-143637,24-03-2011,29-03-2011,MauriceSatty@gmail.com,"United States,Fresno,California",Furnishings,"DAX Contemporary Wood Frame with Silver Metal Mat, Desktop, 11 x 14 Size",40.48,2.00,14.57,5,36,3,2011
US-2014-109316,09-06-2014,11-06-2014,MaureenGastineau@gmail.com,"United States,Los Angeles,California",Bookcases,"Riverside Palais Royal Lawyers Bookcase, Royale Cherry Finish",1497.67,2.00,140.96,2,9.411764706,6,2014
CA-2013-138478,22-10-2013,27-10-2013,DennisPardue@gmail.com,"United States,North Las Vegas,Nevada",Art,Panasonic KP-150 Electric Pencil Sharpener,113.22,3.00,29.44,5,26,10,2013
CA-2014-150469,27-01-2014,31-01-2014,CarolineJumper@gmail.com,"United States,San Francisco,California",Fasteners,Binder Clips by OIC,11.84,8.00,5.68,4,48,1,2014
CA-2011-125150,16-05-2011,23-05-2011,PaulineWebber@gmail.com,"United States,Los Angeles,California",Chairs,"Iceberg Nesting Folding Chair, 19w x 6d x 43h",232.88,5.00,17.47,7,7.5,5,2011
CA-2012-137302,26-04-2012,01-05-2012,BartWatters@gmail.com,"United States,San Diego,California",Chairs,SAFCO Optional Arm Kit for Workspace Cribbage Stacking Chair,63.94,3.00,6.39,5,10,4,2012
CA-2012-106257,13-04-2012,17-04-2012,EugeneBarchas@gmail.com,"United States,Los Angeles,California",Tables,"Iceberg OfficeWorks 42"" Round Tables",241.57,2.00,-15.10,4,-6.25,4,2012
CA-2012-149083,25-09-2012,30-09-2012,SallyHughsby@gmail.com,"United States,Seattle,Washington",Chairs,Global Super Steno Chair,307.14,4.00,-11.52,5,-3.75,9,2012
CA-2012-144890,25-12-2012,29-12-2012,SeanMiller@gmail.com,"United States,Los Angeles,California",Paper,Xerox 1949,9.96,2.00,4.88,4,49,12,2012
CA-2012-142993,12-10-2012,17-10-2012,KellyAndreada@gmail.com,"United States,Seattle,Washington",Accessories,Kingston Digital DataTraveler 16GB USB 2.0,17.90,2.00,3.40,5,19,10,2012
CA-2012-143364,14-07-2012,19-07-2012,TobyGnade@gmail.com,"United States,Mesa,Arizona",Storage,SAFCO Boltless Steel Shelving,272.74,3.00,-64.77,5,-23.75,7,2012
CA-2011-100972,19-11-2011,24-11-2011,DennisBolton@gmail.com,"United States,Salt Lake City,Utah",Paper,Xerox 1888,166.44,3.00,79.89,5,48,11,2011
CA-2013-136994,28-05-2013,03-06-2013,LynnSmith@gmail.com,"United States,Los Angeles,California",Paper,"Wirebound Message Books, Four 2 3/4 x 5 White Forms per Page",13.38,2.00,6.15,6,46,5,2013
CA-2013-101672,04-10-2013,08-10-2013,DanielByrd@gmail.com,"United States,Lake Forest,California",Labels,Smead Alpha-Z Color-Coded Second Alphabetical Labels and Starter Set,6.16,2.00,2.96,4,48,10,2013
CA-2014-168403,10-09-2014,16-09-2014,DamalaKotsonis@gmail.com,"United States,Portland,Oregon",Paper,Xerox 1930,31.10,6.00,11.28,6,36.25,9,2014
CA-2014-118017,04-12-2014,07-12-2014,LenaCacioppo@gmail.com,"United States,Thornton,Colorado",Art,Newell 344,13.34,6.00,1.00,3,7.5,12,2014
CA-2013-113117,17-08-2013,23-08-2013,JeremyPistek@gmail.com,"United States,Davis,California",Paper,Xerox 1931,32.40,5.00,15.55,6,48,8,2013
CA-2013-112585,31-07-2013,03-08-2013,RobWilliams@gmail.com,"United States,San Francisco,California",Appliances,Hoover Shoulder Vac Commercial Portable Vacuum,715.64,2.00,178.91,3,25,7,2013
CA-2013-149762,04-12-2013,08-12-2013,RogerDemir@gmail.com,"United States,Morgan Hill,California",Tables,Hon 4060 Series Tables,268.70,3.00,6.72,4,2.5,12,2013
CA-2012-152513,04-07-2012,08-07-2012,JuliePrescott@gmail.com,"United States,San Diego,California",Binders,Avery Premier Heavy-Duty Binder with Round Locking Rings,22.85,2.00,7.43,4,32.5,7,2012
US-2013-168095,16-07-2013,21-07-2013,MarkCousins@gmail.com,"United States,Portland,Oregon",Chairs,Bevis Steel Folding Chairs,230.28,3.00,23.03,5,10,7,2013
CA-2014-166093,18-08-2014,25-08-2014,RickWilson@gmail.com,"United States,Brentwood,California",Envelopes,Staples,23.36,2.00,11.68,7,50,8,2014
CA-2013-146325,15-12-2013,18-12-2013,DavidSmith@gmail.com,"United States,San Diego,California",Chairs,"Global Task Chair, Black",81.42,2.00,-9.16,3,-11.25,12,2013
CA-2014-131807,06-10-2014,11-10-2014,GregGuthrie@gmail.com,"United States,Chico,California",Chairs,Global Deluxe High-Back Office Chair in Storm,435.17,4.00,-59.84,5,-13.75,10,2014
CA-2012-138219,23-03-2012,30-03-2012,BartPistole@gmail.com,"United States,Los Angeles,California",Paper,"REDIFORM Incoming/Outgoing Call Register, 11"" X 8 1/2"", 100 Messages",33.36,4.00,16.68,7,50,3,2012
CA-2013-157707,11-10-2013,13-10-2013,CoreyCatlett@gmail.com,"United States,Denver,Colorado",Bookcases,"Bush Westfield Collection Bookcases, Dark Cherry Finish, Fully Assembled",90.88,3.00,-190.85,2,-210,10,2013
CA-2012-113040,27-08-2012,31-08-2012,ChadCunningham@gmail.com,"United States,Los Angeles,California",Binders,Avery Heavy-Duty EZD View Binder with Locking Rings,5.10,1.00,1.66,4,32.5,8,2012
CA-2013-151498,22-04-2013,25-04-2013,DuaneNoonan@gmail.com,"United States,Seattle,Washington",Binders,Round Ring Binders,8.32,5.00,2.81,3,33.75,4,2013
US-2012-165743,20-11-2012,23-11-2012,MichelleMoray@gmail.com,"United States,Aurora,Colorado",Binders,Wilson Jones Custom Binder Spines & Labels,4.90,3.00,-3.43,3,-70,11,2012
US-2014-105998,04-11-2014,06-11-2014,ClayRozendal@gmail.com,"United States,San Diego,California",Accessories,Microsoft Sculpt Comfort Mouse,199.75,5.00,87.89,2,44,11,2014
US-2011-148194,04-05-2011,07-05-2011,BillShonely@gmail.com,"United States,Seattle,Washington",Furnishings,"Eldon Regeneration Recycled Desk Accessories, Smoke",12.18,7.00,3.90,3,32,5,2011
CA-2012-110870,12-12-2012,15-12-2012,KarenDaniels@gmail.com,"United States,Los Angeles,California",Accessories,Logitech Wireless Marathon Mouse M705,299.94,6.00,128.97,3,43,12,2012
CA-2013-139808,08-10-2013,12-10-2013,MickCrebagga@gmail.com,"United States,Marysville,Washington",Fasteners,"Alliance Super-Size Bands, Assorted Sizes",93.36,12.00,0.93,4,1,10,2013
US-2012-136427,20-06-2012,23-06-2012,JustinMacKendrick@gmail.com,"United States,Aurora,Colorado",Phones,Griffin GC36547 PowerJolt SE Lightning Charger,125.94,7.00,15.74,3,12.5,6,2012
CA-2014-114804,18-10-2014,20-10-2014,BarryFranzösisch@gmail.com,"United States,Modesto,California",Phones,Panasonic KX-TG6844B Expandable Digital Cordless Telephone,52.79,1.00,4.62,2,8.75,10,2014
CA-2014-109393,01-07-2014,03-07-2014,JohnCastell@gmail.com,"United States,Los Angeles,California",Bookcases,"Sauder Facets Collection Library, Sky Alder Finish",436.00,3.00,5.13,2,1.176470588,7,2014
CA-2014-121489,22-08-2014,26-08-2014,CandaceMcMahon@gmail.com,"United States,Seattle,Washington",Chairs,"Padded Folding Chairs, Black, 4/Carton",388.70,6.00,38.87,4,10,8,2014
CA-2014-165008,16-09-2014,18-09-2014,DougO'Connell@gmail.com,"United States,Salt Lake City,Utah",Binders,"Avery Trapezoid Ring Binder, 3"" Capacity, Black, 1040 sheets",295.06,9.00,106.96,2,36.25,9,2014
CA-2012-121188,28-08-2012,04-09-2012,CassandraBrandow@gmail.com,"United States,Los Angeles,California",Storage,"Hot File 7-Pocket, Floor Stand",892.35,5.00,267.71,7,30,8,2012
US-2012-160563,20-10-2012,24-10-2012,NoelStaavos@gmail.com,"United States,San Francisco,California",Accessories,Logitech G602 Wireless Gaming Mouse,239.97,3.00,86.39,4,36,10,2012
CA-2012-150714,26-10-2012,01-11-2012,KristenHastings@gmail.com,"United States,Springfield,Oregon",Labels,Avery 477,146.54,6.00,47.63,6,32.5,10,2012
CA-2013-106621,30-09-2013,02-10-2013,DarioMedina@gmail.com,"United States,Yuma,Arizona",Art,Newell 351,10.50,4.00,1.18,2,11.25,9,2013
CA-2012-107020,10-07-2012,14-07-2012,MikeVittorini@gmail.com,"United States,San Bernardino,California",Binders,Large Capacity Hanging Post Binders,39.92,2.00,12.97,4,32.5,7,2012
CA-2011-101392,07-12-2011,13-12-2011,AnnSteele@gmail.com,"United States,Seattle,Washington",Storage,Advantus Rolling Drawer Organizers,269.36,7.00,70.03,6,26,12,2011
CA-2012-127502,10-12-2012,14-12-2012,MegTillman@gmail.com,"United States,San Francisco,California",Labels,Avery File Folder Labels,5.76,2.00,2.82,4,49,12,2012
CA-2014-133046,28-07-2014,02-08-2014,DennisKane@gmail.com,"United States,Seattle,Washington",Furnishings,Staples,23.88,3.00,10.51,5,44,7,2014
CA-2014-122798,29-12-2014,02-01-2015,SusanVittorini@gmail.com,"United States,Albuquerque,New Mexico",Storage,Eldon Mobile Mega Data Cart  Mega Stackable  Add-On Trays,118.25,5.00,34.29,4,29,12,2014
CA-2013-169663,11-03-2013,14-03-2013,RickHuthwaite@gmail.com,"United States,Los Angeles,California",Accessories,Kingston Digital DataTraveler 16GB USB 2.0,26.85,3.00,5.10,3,19,3,2013
CA-2012-149846,22-05-2012,26-05-2012,SarahBrown@gmail.com,"United States,Los Angeles,California",Labels,Avery 476,8.26,2.00,3.80,4,46,5,2012
CA-2014-101014,30-08-2014,05-09-2014,RickWilson@gmail.com,"United States,Los Angeles,California",Furnishings,Electrix Fluorescent Magnifier Lamps & Weighted Base,148.02,3.00,41.45,6,28,8,2014
US-2014-113201,01-07-2014,06-07-2014,ThomasThornton@gmail.com,"United States,Los Angeles,California",Paper,Xerox 1919,204.95,5.00,100.43,5,49,7,2014
CA-2013-116722,12-11-2013,17-11-2013,LizPelletier@gmail.com,"United States,San Francisco,California",Furnishings,Magnifier Swing Arm Lamp,41.96,2.00,10.91,5,26,11,2013
US-2014-150070,08-09-2014,13-09-2014,JosephAirdo@gmail.com,"United States,Modesto,California",Chairs,Global Low Back Tilter Chair,161.57,2.00,-28.27,5,-17.5,9,2014
CA-2011-127866,20-07-2011,23-07-2011,JonathanDoherty@gmail.com,"United States,Riverside,California",Accessories,"Maxell 74 Minute CD-R Spindle, 50/Pack",41.94,2.00,15.10,3,36,7,2011
CA-2012-121776,16-02-2012,21-02-2012,RobDowd@gmail.com,"United States,Los Angeles,California",Paper,Xerox 1881,36.84,3.00,17.31,5,47,2,2012
CA-2013-100993,05-02-2013,10-02-2013,AnnieZypern@gmail.com,"United States,San Diego,California",Labels,Avery 508,14.73,3.00,7.22,5,49,2,2013
US-2013-131058,28-12-2013,01-01-2014,EugeneMoren@gmail.com,"United States,Santa Ana,California",Labels,Avery File Folder Labels,20.16,7.00,9.88,4,49,12,2013
CA-2014-140151,24-03-2014,26-03-2014,RaymondBuch@gmail.com,"United States,Seattle,Washington",Storage,Acco Perma 4000 Stacking Storage Drawers,32.48,2.00,4.87,2,15,3,2014
CA-2013-103464,19-11-2013,23-11-2013,PatrickGardner@gmail.com,"United States,San Diego,California",Accessories,WD My Passport Ultra 2TB Portable External Hard Drive,595.00,5.00,95.20,4,16,11,2013
CA-2012-168207,02-11-2012,06-11-2012,LizThompson@gmail.com,"United States,San Diego,California",Furnishings,Contemporary Wood/Metal Frame,96.96,6.00,33.94,4,35,11,2012
CA-2013-144148,01-08-2013,06-08-2013,AnnaHäberlin@gmail.com,"United States,San Francisco,California",Tables,Laminate Occasional Tables,863.13,7.00,-32.37,5,-3.75,8,2013
CA-2014-107174,07-11-2014,14-11-2014,AdamBellavance@gmail.com,"United States,Seattle,Washington",Tables,Hon 5100 Series Wood Tables,2036.86,7.00,366.63,7,18,11,2014
CA-2011-114125,09-07-2011,13-07-2011,GaryHansen@gmail.com,"United States,Los Angeles,California",Labels,Avery 49,2.88,1.00,1.41,4,49,7,2011
CA-2014-149699,23-12-2014,25-12-2014,ChadMcGuire@gmail.com,"United States,Los Angeles,California",Accessories,Kensington Expert Mouse Optical USB Trackball for PC or Mac,474.95,5.00,142.49,2,30,12,2014
CA-2013-166429,03-09-2013,09-09-2013,TobyGnade@gmail.com,"United States,Des Moines,Washington",Copiers,Hewlett Packard 610 Color Digital Copier / Printer,999.98,2.00,449.99,6,45,9,2013
CA-2012-112767,02-08-2012,06-08-2012,DarrenKoutras@gmail.com,"United States,Springfield,Oregon",Tables,Balt Split Level Computer Training Table,277.50,4.00,-188.70,4,-68,8,2012
CA-2012-136700,06-12-2012,11-12-2012,DavidBremer@gmail.com,"United States,Santa Barbara,California",Paper,Spiral Phone Message Books with Labels by Adams,8.96,2.00,4.39,5,49,12,2012
CA-2013-104633,13-06-2013,17-06-2013,ErinAshbrook@gmail.com,"United States,Pasadena,California",Paper,"IBM Multi-Purpose Copy Paper, 8 1/2 x 11"", Case",185.88,6.00,83.65,4,45,6,2013
CA-2011-158225,22-09-2011,28-09-2011,SanjitEngle@gmail.com,"United States,San Jose,California",Storage,"File Shuttle II and Handi-File, Black",169.45,5.00,42.36,6,25,9,2011
CA-2011-109897,12-08-2011,16-08-2011,BenWallace@gmail.com,"United States,San Francisco,California",Phones,BlackBerry Q10,806.34,8.00,50.40,4,6.25,8,2011
CA-2014-152310,13-08-2014,20-08-2014,DanaKaydos@gmail.com,"United States,Seattle,Washington",Copiers,Hewlett Packard 310 Color Digital Copier,299.99,1.00,90.00,7,30,8,2014
CA-2013-139549,21-10-2013,26-10-2013,MuhammedYedwab@gmail.com,"United States,El Cajon,California",Chairs,Hon Every-Day Chair Series Swivel Task Chairs,387.14,4.00,4.84,5,1.25,10,2013
US-2014-168802,04-11-2014,08-11-2014,JackO'Briant@gmail.com,"United States,Seattle,Washington",Binders,Binder Posts,18.37,4.00,5.97,4,32.5,11,2014
US-2011-103338,11-03-2011,15-03-2011,RichardBierner@gmail.com,"United States,Roseville,California",Art,Economy #2 Pencils,7.98,3.00,2.07,4,26,3,2011
US-2014-167318,27-07-2014,02-08-2014,GeorgeZrebassa@gmail.com,"United States,Los Angeles,California",Accessories,Logitech Z-906 Speaker sys - home theater - 5.1-CH,1649.95,5.00,659.98,6,40,7,2014
US-2011-120313,31-10-2011,02-11-2011,NancyLomonaco@gmail.com,"United States,San Francisco,California",Phones,Motorola L804,73.58,2.00,8.28,2,11.25,10,2011
CA-2014-135419,04-11-2014,10-11-2014,BruceGeld@gmail.com,"United States,Bakersfield,California",Tables,"SAFCO PlanMaster Boards, 60w x 37-1/2d, White Melamine",486.37,4.00,36.48,6,7.5,11,2014
CA-2013-149335,26-07-2013,26-07-2013,BeckyCastell@gmail.com,"United States,San Francisco,California",Art,Newell 325,37.17,9.00,11.15,0,30,7,2013
CA-2014-135076,14-04-2014,18-04-2014,YanaSorensen@gmail.com,"United States,Hesperia,California",Chairs,"Global Wood Trimmed Manager's Task Chair, Khaki",436.70,6.00,-38.21,4,-8.75,4,2014
CA-2014-141481,12-06-2014,15-06-2014,ZuschussDonatelli@gmail.com,"United States,Los Angeles,California",Appliances,Kensington 6 Outlet Guardian Standard Surge Protector,61.44,3.00,16.59,3,27,6,2014
CA-2011-110555,11-04-2011,18-04-2011,MichelleMoray@gmail.com,"United States,Great Falls,Montana",Storage,Eldon Simplefile Box Office,87.08,7.00,24.38,7,28,4,2011
CA-2014-157273,31-01-2014,03-02-2014,SamZeldin@gmail.com,"United States,Seattle,Washington",Phones,Mitel 5320 IP Phone VoIP phone,604.77,4.00,60.48,3,10,1,2014
CA-2011-109918,07-09-2011,12-09-2011,LisaRyan@gmail.com,"United States,Santa Clara,California",Supplies,"Acme Design Line 8"" Stainless Steel Bent Scissors w/Champagne Handles, 3-1/8"" Cut",27.36,4.00,7.39,5,27,9,2011
CA-2013-118745,12-06-2013,17-06-2013,SethVernon@gmail.com,"United States,Los Angeles,California",Tables,Bretford Rectangular Conference Table Tops,902.71,3.00,33.85,5,3.75,6,2013
CA-2013-163972,18-10-2013,22-10-2013,MichaelGranlund@gmail.com,"United States,Fresno,California",Bookcases,"Safco Value Mate Steel Bookcase, Baked Enamel Finish on Steel, Black",120.67,2.00,21.29,4,17.64705882,10,2013
CA-2013-113726,25-11-2013,02-12-2013,SteveCarroll@gmail.com,"United States,Seattle,Washington",Furnishings,Howard Miller Distant Time Traveler Alarm Clock,82.26,3.00,33.73,7,41,11,2013
CA-2013-152940,11-11-2013,14-11-2013,RoseO'Brian@gmail.com,"United States,San Francisco,California",Storage,Acco Perma 2700 Stacking Storage Drawers,29.74,1.00,4.46,3,15,11,2013
CA-2012-158701,05-01-2012,10-01-2012,JamesLanier@gmail.com,"United States,San Francisco,California",Appliances,Acco 6 Outlet Guardian Premium Surge Suppressor,87.36,6.00,23.59,5,27,1,2012
CA-2013-134544,18-03-2013,20-03-2013,AnnaChung@gmail.com,"United States,San Francisco,California",Phones,i.Sound Portable Power - 8000 mAh,84.78,2.00,-20.14,2,-23.75,3,2013
CA-2014-137582,05-09-2014,09-09-2014,CynthiaVoltz@gmail.com,"United States,Oakland,California",Binders,Pressboard Hanging Data Binders for Unburst Sheets,11.81,3.00,4.13,4,35,9,2014
CA-2014-153227,05-12-2014,07-12-2014,ChrisSelesnick@gmail.com,"United States,Los Angeles,California",Paper,"Adams Telephone Message Book W/Dividers/Space For Phone Numbers, 5 1/4""X8 1/2"", 300/Messages",11.76,2.00,5.76,2,49,12,2014
CA-2012-133837,13-04-2012,18-04-2012,TheaHendricks@gmail.com,"United States,Glendale,Arizona",Storage,"Neat Ideas Personal Hanging Folder Files, Black",10.74,1.00,0.81,5,7.5,4,2012
CA-2013-154067,01-02-2013,07-02-2013,SuzanneMcNair@gmail.com,"United States,Los Angeles,California",Paper,Xerox 1883,105.52,4.00,48.54,6,46,2,2013
CA-2012-134082,11-12-2012,17-12-2012,JimKriz@gmail.com,"United States,San Bernardino,California",Binders,GBC Recycled Grain Textured Covers,110.53,4.00,38.68,6,35,12,2012
CA-2014-118199,10-05-2014,12-05-2014,LaurelBeltran@gmail.com,"United States,Seattle,Washington",Binders,"GBC Velobind Prepunched Cover Sets, Regency Series",147.92,5.00,46.23,2,31.25,5,2014
CA-2012-128356,02-10-2012,07-10-2012,ResiPölking@gmail.com,"United States,Thornton,Colorado",Supplies,"Acme Design Line 8"" Stainless Steel Bent Scissors w/Champagne Handles, 3-1/8"" Cut",10.94,2.00,0.96,5,8.75,10,2012
US-2014-132220,13-11-2014,17-11-2014,DonJones@gmail.com,"United States,Tempe,Arizona",Accessories,SanDisk Ultra 16 GB MicroSDHC Class 10 Memory Card,62.35,6.00,-10.91,4,-17.5,11,2014
CA-2012-151470,20-09-2012,26-09-2012,AnneMcFarland@gmail.com,"United States,Las Vegas,Nevada",Binders,Wilson Jones Impact Binders,45.58,11.00,16.52,6,36.25,9,2012
CA-2011-108861,28-05-2011,01-06-2011,MagdeleneMorse@gmail.com,"United States,Seattle,Washington",Binders,"Green Canvas Binder for 8-1/2"" x 14"" Sheets",136.96,4.00,51.36,4,37.5,5,2011
CA-2014-145779,07-05-2014,11-05-2014,DougBickford@gmail.com,"United States,Tucson,Arizona",Paper,Xerox 1883,84.42,4.00,27.44,4,32.5,5,2014
CA-2011-131387,28-04-2011,30-04-2011,ArianneIrving@gmail.com,"United States,San Francisco,California",Phones,Samsung Galaxy Mega 6.3,1679.96,5.00,126.00,2,7.5,4,2011
CA-2013-154081,23-05-2013,30-05-2013,JimEpp@gmail.com,"United States,Los Angeles,California",Phones,Nortel Business Series Terminal T7208 Digital phone,222.38,2.00,22.24,7,10,5,2013
CA-2011-100881,28-03-2011,01-04-2011,DanielRaglin@gmail.com,"United States,Albuquerque,New Mexico",Phones,AT&T TR1909W,302.38,3.00,22.68,4,7.5,3,2011
CA-2012-144043,10-05-2012,15-05-2012,AlanBarnes@gmail.com,"United States,Louisville,Colorado",Accessories,Belkin Standard 104 key USB Keyboard,46.69,4.00,-2.92,5,-6.25,5,2012
CA-2013-168557,20-09-2013,24-09-2013,FrankHawley@gmail.com,"United States,San Francisco,California",Binders,Avery Heavy-Duty EZD  Binder With Locking Rings,8.93,2.00,3.12,4,35,9,2013
CA-2014-134880,28-10-2014,02-11-2014,TamaraWillingham@gmail.com,"United States,Mesa,Arizona",Paper,Xerox 1882,44.78,1.00,16.23,5,36.25,10,2014
CA-2014-158736,19-12-2014,25-12-2014,TonjaTurnell@gmail.com,"United States,San Francisco,California",Art,Newell 335,5.76,2.00,1.67,6,29,12,2014
US-2013-119270,13-03-2013,17-03-2013,ScotWooten@gmail.com,"United States,Los Angeles,California",Paper,Hammermill Color Copier Paper (28Lb. and 96 Bright),19.98,2.00,8.99,4,45,3,2013
CA-2014-142391,25-09-2014,25-09-2014,PhilipBrown@gmail.com,"United States,Seattle,Washington",Furnishings,12-1/2 Diameter Round Wall Clock,199.80,10.00,71.93,0,36,9,2014
CA-2014-124716,28-03-2014,01-04-2014,BrendanDodson@gmail.com,"United States,Fresno,California",Paper,Xerox 1982,45.68,2.00,21.01,4,46,3,2014
CA-2014-106824,08-07-2014,12-07-2014,AnnieThurman@gmail.com,"United States,Los Angeles,California",Fasteners,"Brites Rubber Bands, 1 1/2 oz. Box",5.94,3.00,0.12,4,2,7,2014
CA-2013-143154,03-12-2013,09-12-2013,AlanSchoenberger@gmail.com,"United States,Longmont,Colorado",Accessories,WD My Passport Ultra 1TB Portable External Hard Drive,165.60,3.00,-6.21,6,-3.75,12,2013
CA-2012-102316,29-02-2012,03-03-2012,DaveHallsten@gmail.com,"United States,Los Angeles,California",Phones,Square Credit Card Reader,15.98,2.00,1.20,3,7.5,2,2012
CA-2011-164903,21-02-2011,25-02-2011,StevenRoelle@gmail.com,"United States,Los Angeles,California",Paper,Xerox 204,12.96,2.00,6.22,4,48,2,2011
CA-2014-133074,22-09-2014,26-09-2014,DougBickford@gmail.com,"United States,San Francisco,California",Paper,"Adams Telephone Message Book w/Frequently-Called Numbers Space, 400 Messages per Book",55.86,7.00,27.93,4,50,9,2014
CA-2014-137624,11-11-2014,18-11-2014,MariaEtezadi@gmail.com,"United States,Los Angeles,California",Chairs,"Global Leather & Oak Executive Chair, Burgundy",241.42,2.00,-36.21,7,-15,11,2014
US-2011-163146,16-05-2011,20-05-2011,CindyChapman@gmail.com,"United States,San Francisco,California",Accessories,Imation Clip USB flash drive - 8 GB,56.40,3.00,3.38,4,6,5,2011
CA-2014-147354,10-03-2014,14-03-2014,KarlBraun@gmail.com,"United States,Los Angeles,California",Copiers,Hewlett Packard 310 Color Digital Copier,479.98,2.00,60.00,4,12.5,3,2014
CA-2012-149566,05-12-2012,10-12-2012,GeorgeBell@gmail.com,"United States,Los Angeles,California",Accessories,Memorex Micro Travel Drive 8 GB,39.00,3.00,17.55,5,45,12,2012
CA-2012-126186,11-09-2012,12-09-2012,GeorgeBell@gmail.com,"United States,Aurora,Colorado",Furnishings,Deflect-O Glasstique Clear Desk Accessories,24.64,4.00,4.00,1,16.25,9,2012
CA-2011-159849,19-09-2011,19-09-2011,JimKriz@gmail.com,"United States,San Francisco,California",Fasteners,Revere Boxed Rubber Bands by Revere,5.67,3.00,0.11,0,2,9,2011
CA-2011-104808,05-02-2011,09-02-2011,MarkHaberlin@gmail.com,"United States,Escondido,California",Binders,"GBC Standard Recycled Report Covers, Clear Plastic Sheets",17.25,2.00,6.04,4,35,2,2011
CA-2014-162012,12-07-2014,19-07-2014,KarenBern@gmail.com,"United States,Los Angeles,California",Accessories,Logitech P710e Mobile Speakerphone,1287.45,5.00,244.62,7,19,7,2014
CA-2014-101700,24-04-2014,27-04-2014,SeanO'Donnell@gmail.com,"United States,Greeley,Colorado",Envelopes,Staples,18.69,2.00,7.01,3,37.5,4,2014
US-2013-117387,28-10-2013,01-11-2013,PeteArmstrong@gmail.com,"United States,San Francisco,California",Binders,Avery Legal 4-Ring Binder,67.14,4.00,25.18,4,37.5,10,2013
CA-2011-141110,26-11-2011,01-12-2011,LukeSchmidt@gmail.com,"United States,Fresno,California",Binders,Wilson Jones Easy Flow II Sheet Lifters,4.32,3.00,1.51,5,35,11,2011
US-2011-133949,31-12-2011,31-12-2011,JamesLanier@gmail.com,"United States,Reno,Nevada",Phones,Panasonic KX TS3282W Corded phone,475.94,7.00,59.49,0,12.5,12,2011
CA-2014-123624,14-11-2014,18-11-2014,SanjitEngle@gmail.com,"United States,Oxnard,California",Accessories,Kensington K72356US Mouse-in-a-Box USB Desktop Mouse,82.95,5.00,29.03,4,35,11,2014
CA-2013-146437,28-01-2013,01-02-2013,HenryGoldwyn@gmail.com,"United States,Los Angeles,California",Art,Newell 345,39.68,2.00,10.32,4,26,1,2013
CA-2013-138233,10-11-2013,15-11-2013,PhilipFox@gmail.com,"United States,Oakland,California",Accessories,Logitech Wireless Gaming Headset G930,479.97,3.00,177.59,5,37,11,2013
CA-2013-165918,11-09-2013,15-09-2013,BryanDavis@gmail.com,"United States,Edmonds,Washington",Labels,Avery 487,7.38,2.00,3.47,4,47,9,2013
CA-2014-117513,04-03-2014,09-03-2014,BillTyler@gmail.com,"United States,Los Angeles,California",Tables,"Lesro Sheffield Collection Coffee Table, End Table, Center Table, Corner Table",399.67,7.00,-14.99,5,-3.75,3,2014
US-2013-114230,28-11-2013,02-12-2013,ChrisMcAfee@gmail.com,"United States,Phoenix,Arizona",Storage,Eldon Simplefile Box Office,39.81,4.00,3.98,4,10,11,2013
CA-2012-156118,08-12-2012,12-12-2012,HenryGoldwyn@gmail.com,"United States,Colorado Springs,Colorado",Paper,Southworth Parchment Paper & Envelopes,15.70,3.00,5.10,4,32.5,12,2012
CA-2014-151281,28-04-2014,03-05-2014,HenryMacAllister@gmail.com,"United States,Seattle,Washington",Furnishings,Luxo Economy Swing Arm Lamp,139.58,7.00,39.08,5,28,4,2014
CA-2014-147767,03-12-2014,03-12-2014,SusanVittorini@gmail.com,"United States,Peoria,Arizona",Binders,Vinyl Sectional Post Binders,67.86,6.00,-45.24,0,-66.66666667,12,2014
CA-2013-113341,26-11-2013,30-11-2013,MarkHamilton@gmail.com,"United States,Los Angeles,California",Chairs,"Padded Folding Chairs, Black, 4/Carton",194.35,3.00,19.44,4,10,11,2013
CA-2011-142769,13-09-2011,13-09-2011,ResiPölking@gmail.com,"United States,Seattle,Washington",Fasteners,OIC Thumb-Tacks,5.70,5.00,2.68,0,47,9,2011
CA-2014-126634,31-03-2014,02-04-2014,AlanBarnes@gmail.com,"United States,Lakewood,California",Furnishings,Flat Face Poster Frame,94.20,5.00,39.56,2,42,3,2014
CA-2013-118500,18-11-2013,19-11-2013,HeatherJas@gmail.com,"United States,San Francisco,California",Supplies,Acme Tagit Stainless Steel Antibacterial Scissors,49.50,5.00,13.37,1,27,11,2013
CA-2013-149916,23-12-2013,25-12-2013,EmilyDucich@gmail.com,"United States,Seattle,Washington",Binders,Wilson Jones International Size A4 Ring Binders,55.36,4.00,19.38,2,35,12,2013
CA-2012-158918,20-12-2012,25-12-2012,ArianneIrving@gmail.com,"United States,Los Angeles,California",Paper,Staples,17.12,4.00,7.70,5,45,12,2012
CA-2014-101665,26-11-2014,02-12-2014,TracyZic@gmail.com,"United States,San Francisco,California",Art,DIXON Oriole Pencils,5.16,2.00,1.34,6,26,11,2014
CA-2013-155446,17-12-2013,24-12-2013,TanjaNorvell@gmail.com,"United States,San Diego,California",Accessories,Imation USB 2.0 Swivel Flash Drive USB flash drive - 4 GB - Pink,21.21,7.00,4.45,7,21,12,2013
CA-2013-144015,27-06-2013,27-06-2013,AdamHart@gmail.com,"United States,Los Angeles,California",Supplies,Premier Electric Letter Opener,231.72,2.00,11.59,0,5,6,2013
CA-2013-118311,25-10-2013,29-10-2013,EmilyDucich@gmail.com,"United States,San Francisco,California",Accessories,NETGEAR N750 Dual Band Wi-Fi Gigabit Router,450.00,5.00,162.00,4,36,10,2013
CA-2014-127096,16-09-2014,18-09-2014,ChristopherSchild@gmail.com,"United States,San Francisco,California",Tables,Bretford Rectangular Conference Table Tops,300.90,1.00,11.28,2,3.75,9,2014
US-2011-132745,01-10-2011,05-10-2011,NeilFranzösisch@gmail.com,"United States,Reno,Nevada",Fasteners,Sterling Rubber Bands by Alliance,4.71,1.00,0.00,4,0,10,2011
CA-2011-119144,16-11-2011,18-11-2011,JustinDeggeller@gmail.com,"United States,Los Angeles,California",Phones,OtterBox Commuter Series Case - Samsung Galaxy S4,79.97,4.00,-17.99,2,-22.5,11,2011
CA-2011-105648,03-03-2011,07-03-2011,EvaJacobs@gmail.com,"United States,San Diego,California",Tables,"Bevis Oval Conference Table, Walnut",626.35,3.00,-23.49,4,-3.75,3,2011
US-2012-145422,03-12-2012,07-12-2012,PierreWener@gmail.com,"United States,San Francisco,California",Bookcases,"Sauder Forest Hills Library, Woodland Oak Finish",359.50,3.00,-29.61,4,-8.235294118,12,2012
CA-2014-136623,12-07-2014,17-07-2014,TomStivers@gmail.com,"United States,San Diego,California",Phones,Belkin iPhone and iPad Lightning Cable,71.95,6.00,5.40,5,7.5,7,2014
CA-2014-148145,19-03-2014,24-03-2014,ScottWilliamson@gmail.com,"United States,Seattle,Washington",Art,Deluxe Chalkboard Eraser Cleaner,46.20,4.00,21.25,5,46,3,2014
CA-2014-116988,28-06-2014,30-06-2014,PaulineWebber@gmail.com,"United States,Seattle,Washington",Paper,Xerox 1997,19.44,3.00,9.33,2,48,6,2014
US-2012-144771,02-10-2012,04-10-2012,ChlorisKastensmidt@gmail.com,"United States,Hillsboro,Oregon",Furnishings,9-3/4 Diameter Round Wall Clock,11.03,1.00,3.03,2,27.5,10,2012
CA-2014-128076,03-02-2014,08-02-2014,BillOverfelt@gmail.com,"United States,San Diego,California",Furnishings,Eldon Antistatic Chair Mats for Low to Medium Pile Carpets,210.58,2.00,12.63,5,6,2,2014
CA-2013-112578,30-12-2013,03-01-2014,FrankOlsen@gmail.com,"United States,Sacramento,California",Storage,Project Tote Personal File,14.03,1.00,4.07,4,29,12,2013
CA-2013-151148,13-09-2013,14-09-2013,PhilisseOvercash@gmail.com,"United States,Louisville,Colorado",Phones,Lunatik TT5L-002 Taktik Strike Impact Protection System for iPhone 5,146.95,3.00,9.18,1,6.25,9,2013
CA-2012-165813,20-03-2012,22-03-2012,BryanMills@gmail.com,"United States,Salem,Oregon",Storage,Portable Personal File Box,29.30,3.00,2.56,2,8.75,3,2012
CA-2013-116911,16-09-2013,21-09-2013,JustinDeggeller@gmail.com,"United States,Twin Falls,Idaho",Binders,Avery Heavy-Duty EZD View Binder with Locking Rings,20.42,4.00,6.64,5,32.5,9,2013
CA-2014-145765,29-05-2014,03-06-2014,CandaceMcMahon@gmail.com,"United States,Phoenix,Arizona",Phones,Panasonic KX TS208W Corded phone,195.96,5.00,19.60,5,10,5,2014
CA-2011-162992,19-12-2011,21-12-2011,BartPistole@gmail.com,"United States,Los Angeles,California",Labels,Avery 516,14.62,2.00,6.87,2,47,12,2011
CA-2013-106397,08-07-2013,14-07-2013,MaxJones@gmail.com,"United States,Orem,Utah",Paper,Xerox 226,12.96,2.00,6.22,6,48,7,2013
US-2014-100398,20-08-2014,24-08-2014,DennyOrdway@gmail.com,"United States,Salt Lake City,Utah",Binders,"Wilson Jones Elliptical Ring 3 1/2"" Capacity Binders, 800 sheets",102.72,3.00,37.24,4,36.25,8,2014
CA-2014-120614,31-05-2014,05-06-2014,SuzanneMcNair@gmail.com,"United States,Los Angeles,California",Paper,"Rediform S.O.S. 1-Up Phone Message Bk, 4-1/4x3-1/16 Bk, 1 Form/Pg, 40 Messages/Bk, 3/Pk",37.52,4.00,18.01,5,48,5,2014
CA-2012-127754,26-07-2012,31-07-2012,CymaKinney@gmail.com,"United States,Glendale,Arizona",Chairs,Office Star - Contemporary Task Swivel Chair,266.35,3.00,13.32,5,5,7,2012
CA-2013-167983,22-08-2013,25-08-2013,RachelPayne@gmail.com,"United States,Seattle,Washington",Binders,Avery Durable Slant Ring Binders With Label Holder,33.44,10.00,11.70,3,35,8,2013
CA-2011-153808,06-04-2011,10-04-2011,FrankHawley@gmail.com,"United States,Los Angeles,California",Art,Boston Home & Office Model 2000 Electric Pencil Sharpeners,70.95,3.00,18.45,4,26,4,2011
US-2013-112396,09-02-2013,13-02-2013,JustinRitter@gmail.com,"United States,San Francisco,California",Accessories,Logitech 910-002974 M325 Wireless Mouse for Web Scrolling,89.97,3.00,39.59,4,44,2,2013
CA-2014-163671,25-12-2014,31-12-2014,DavePoirier@gmail.com,"United States,Meridian,Idaho",Binders,GBC Instant Index System for Binding Systems,21.31,3.00,7.99,6,37.5,12,2014
CA-2014-135909,14-10-2014,21-10-2014,JaneWaco@gmail.com,"United States,Sacramento,California",Accessories,Logitech Media Keyboard K200,209.94,6.00,39.89,7,19,10,2014
CA-2013-158260,05-11-2013,09-11-2013,CindyChapman@gmail.com,"United States,San Diego,California",Machines,Okidata B400 Printer,686.40,2.00,77.22,4,11.25,11,2013
CA-2014-101805,02-12-2014,07-12-2014,SallyHughsby@gmail.com,"United States,Seattle,Washington",Binders,Ibico Presentation Index for Binding Systems,15.92,5.00,5.37,5,33.75,12,2014
US-2012-107944,23-03-2012,25-03-2012,AliceMcCarthy@gmail.com,"United States,Los Angeles,California",Paper,"TOPS Carbonless Receipt Book, Four 2-3/4 x 7-1/4 Money Receipts per Page",192.72,11.00,92.51,2,48,3,2012
CA-2011-169642,27-07-2011,30-07-2011,BarryBlumstein@gmail.com,"United States,Los Angeles,California",Storage,"SAFCO Commercial Wire Shelving, Black",276.28,2.00,0.00,3,0,7,2011
CA-2014-103968,02-12-2014,08-12-2014,MaxLudwig@gmail.com,"United States,Stockton,California",Furnishings,"Tenex ""The Solids"" Textured Chair Mats",629.64,9.00,107.04,6,17,12,2014
CA-2012-111038,01-12-2012,06-12-2012,LindsayCastell@gmail.com,"United States,San Diego,California",Chairs,GuestStacker Chair with Chrome Finish Legs,2676.67,9.00,267.67,5,10,12,2012
CA-2013-167241,16-08-2013,23-08-2013,BillDonatelli@gmail.com,"United States,Los Angeles,California",Furnishings,Luxo Professional Magnifying Clamp-On Fluorescent Lamps,312.03,3.00,43.68,7,14,8,2013
CA-2013-139934,19-12-2013,21-12-2013,AndyYotov@gmail.com,"United States,San Francisco,California",Phones,I Need's 3d Hello Kitty Hybrid Silicone Case Cover for HTC One X 4g with 3d Hello Kitty Stylus Pen Green/pink,66.98,7.00,6.70,2,10,12,2013
CA-2012-109603,26-01-2012,01-02-2012,ElizabethMoffitt@gmail.com,"United States,Moreno Valley,California",Paper,Xerox 1991,182.72,8.00,84.05,6,46,1,2012
CA-2012-143616,27-09-2012,29-09-2012,SaphhiraShifley@gmail.com,"United States,Seattle,Washington",Art,Newell 334,99.20,5.00,25.79,2,26,9,2012
CA-2012-134117,17-12-2012,19-12-2012,PaulGonzalez@gmail.com,"United States,Los Angeles,California",Art,Sanford 52201 APSCO Electric Pencil Sharpener,204.85,5.00,53.26,2,26,12,2012
CA-2013-159023,04-11-2013,06-11-2013,NatalieWebber@gmail.com,"United States,Portland,Oregon",Binders,Avery Reinforcements for Hole-Punch Pages,4.16,7.00,-3.47,2,-83.33333333,11,2013
CA-2011-154592,07-12-2011,08-12-2011,EricaHernandez@gmail.com,"United States,San Francisco,California",Paper,Green Bar Computer Printout Paper,164.88,3.00,80.79,1,49,12,2011
CA-2011-128622,15-11-2011,17-11-2011,ScottCohen@gmail.com,"United States,San Francisco,California",Supplies,Acme Value Line Scissors,10.95,3.00,3.29,2,30,11,2011
CA-2011-132913,24-12-2011,26-12-2011,AdamShillingsburg@gmail.com,"United States,San Diego,California",Appliances,Belkin 7-Outlet SurgeMaster Home Series,13.97,1.00,3.63,2,26,12,2011
CA-2011-126480,20-09-2011,24-09-2011,HenryGoldwyn@gmail.com,"United States,San Diego,California",Paper,Xerox 1900,8.56,2.00,3.85,4,45,9,2011
CA-2014-159226,26-04-2014,28-04-2014,RobLucas@gmail.com,"United States,Los Angeles,California",Bookcases,"Bush Westfield Collection Bookcases, Medium Cherry Finish",344.98,7.00,28.41,2,8.235294118,4,2014
US-2014-139577,02-10-2014,07-10-2014,TanjaNorvell@gmail.com,"United States,San Francisco,California",Accessories,Sony 32GB Class 10 Micro SDHC R40 Memory Card,104.75,5.00,22.00,5,21,10,2014
CA-2011-133389,22-06-2011,22-06-2011,TobyBraunhardt@gmail.com,"United States,Phoenix,Arizona",Binders,SpineVue Locking Slant-D Ring Binders by Cardinal,8.23,3.00,-6.03,0,-73.33333333,6,2011
CA-2012-102855,05-04-2012,06-04-2012,JenniferFerguson@gmail.com,"United States,Spokane,Washington",Accessories,SanDisk Ultra 64 GB MicroSDHC Class 10 Memory Card,239.94,6.00,26.39,1,11,4,2012
CA-2014-143084,19-03-2014,23-03-2014,BarryPond@gmail.com,"United States,Los Angeles,California",Art,Prang Drawing Pencil Set,13.90,5.00,3.75,4,27,3,2014
CA-2013-131639,18-12-2013,24-12-2013,NoelStaavos@gmail.com,"United States,Carlsbad,New Mexico",Binders,Ibico Plastic and Wire Spiral Binding Combs,13.49,2.00,4.38,6,32.5,12,2013
CA-2013-161361,27-03-2013,29-03-2013,MarkVanHuff@gmail.com,"United States,Pocatello,Idaho",Paper,"Adams Telephone Message Book W/Dividers/Space For Phone Numbers, 5 1/4""X8 1/2"", 300/Messages",17.64,3.00,8.64,2,49,3,2013
US-2013-141880,23-08-2013,24-08-2013,TonyChapman@gmail.com,"United States,Fort Collins,Colorado",Furnishings,Dana Halogen Swing-Arm Architect Lamp,98.33,3.00,9.83,1,10,8,2013
CA-2014-128041,02-09-2014,02-09-2014,RickWilson@gmail.com,"United States,Seattle,Washington",Appliances,Honeywell Quietcare HEPA Air Cleaner,314.60,4.00,103.82,0,33,9,2014
CA-2011-138177,19-09-2011,24-09-2011,NeilDucich@gmail.com,"United States,Chandler,Arizona",Tables,Hon 2111 Invitation Series Straight Table,73.92,1.00,-45.83,5,-62,9,2011
CA-2012-168760,22-09-2012,26-09-2012,MuhammedMacIntyre@gmail.com,"United States,Los Angeles,California",Appliances,Kensington 6 Outlet Guardian Standard Surge Protector,61.44,3.00,16.59,4,27,9,2012
CA-2013-168830,08-11-2013,14-11-2013,MarinaLichtenstein@gmail.com,"United States,San Francisco,California",Accessories,NETGEAR AC1750 Dual Band Gigabit Smart WiFi Router,479.97,3.00,163.19,6,34,11,2013
CA-2014-137463,17-12-2014,21-12-2014,KalycaMeade@gmail.com,"United States,Sunnyvale,California",Binders,Accohide Poly Flexible Ring Binders,5.98,2.00,2.24,4,37.5,12,2014
CA-2012-165554,18-05-2012,22-05-2012,AnthonyJacobs@gmail.com,"United States,Los Angeles,California",Paper,"Wirebound Message Book, 4 per Page",10.86,2.00,5.32,4,49,5,2012
CA-2011-141838,26-03-2011,31-03-2011,DamalaKotsonis@gmail.com,"United States,San Francisco,California",Art,Newell 308,3.36,2.00,0.84,5,25,3,2011
CA-2014-117009,23-09-2014,29-09-2014,BerenikeKampe@gmail.com,"United States,Santa Ana,California",Supplies,Fiskars Softgrip Scissors,21.96,2.00,6.15,6,28,9,2014
CA-2012-128993,12-09-2012,17-09-2012,CraigCarreira@gmail.com,"United States,Seattle,Washington",Accessories,Memorex Froggy Flash Drive 4 GB,21.98,2.00,8.57,5,39,9,2012
CA-2012-149097,20-10-2012,24-10-2012,StewartVisinsky@gmail.com,"United States,Los Angeles,California",Furnishings,Nu-Dell Oak Frame,74.76,7.00,23.92,4,32,10,2012
CA-2013-132304,15-06-2013,19-06-2013,AnthonyRawles@gmail.com,"United States,Seattle,Washington",Tables,Hon Non-Folding Utility Tables,1115.17,7.00,334.55,4,30,6,2013
CA-2012-136420,20-11-2012,21-11-2012,ChrisSelesnick@gmail.com,"United States,San Diego,California",Binders,"Performers Binder/Pad Holder, Black",89.70,4.00,33.64,1,37.5,11,2012
CA-2013-106278,03-09-2013,06-09-2013,BeckyMartin@gmail.com,"United States,Des Moines,Washington",Chairs,"Global Leather Task Chair, Black",215.98,3.00,-2.70,3,-1.25,9,2013
CA-2014-166898,12-09-2014,14-09-2014,KenHeidel@gmail.com,"United States,Santa Ana,California",Phones,OtterBox Defender Series Case - Samsung Galaxy S4,143.95,6.00,17.99,2,12.5,9,2014
CA-2013-126102,11-09-2013,13-09-2013,DiannaVittorini@gmail.com,"United States,Los Angeles,California",Binders,Ibico EB-19 Dual Function Manual Binding System,276.78,2.00,89.95,2,32.5,9,2013
CA-2013-135461,07-02-2013,10-02-2013,EricaBern@gmail.com,"United States,Los Angeles,California",Phones,Motorola L703CM,623.96,5.00,39.00,3,6.25,2,2013
US-2013-155971,07-06-2013,13-06-2013,RossBaird@gmail.com,"United States,Los Angeles,California",Labels,Avery 488,22.05,7.00,10.58,6,48,6,2013
CA-2014-122007,19-03-2014,21-03-2014,JasonKlamczynski@gmail.com,"United States,Los Angeles,California",Appliances,Fellowes Basic Home/Office Series Surge Protectors,90.86,7.00,26.35,2,29,3,2014
CA-2014-162250,25-11-2014,25-11-2014,PatrickRyan@gmail.com,"United States,San Francisco,California",Paper,"Southworth 100% Résumé Paper, 24lb.",7.78,1.00,3.50,0,45,11,2014
CA-2012-157028,28-11-2012,03-12-2012,MichelleArnett@gmail.com,"United States,Las Cruces,New Mexico",Art,BIC Brite Liner Highlighters,8.28,2.00,3.48,5,42,11,2012
US-2014-147655,05-09-2014,06-09-2014,AaronSmayling@gmail.com,"United States,Redmond,Oregon",Binders,"Avery Trapezoid Extra Heavy Duty 4"" Binders",88.07,7.00,-58.72,1,-66.66666667,9,2014
CA-2012-157805,31-08-2012,04-09-2012,RickHuthwaite@gmail.com,"United States,San Diego,California",Phones,Toshiba IPT2010-SD IP Telephone,555.96,5.00,41.70,4,7.5,8,2012
CA-2014-123029,01-10-2014,03-10-2014,BradleyTalbott@gmail.com,"United States,Los Angeles,California",Accessories,Razer Kraken PRO Over Ear PC and Music Headset,159.98,2.00,47.99,2,30,10,2014
US-2014-166688,21-05-2014,27-05-2014,RickDuston@gmail.com,"United States,Las Vegas,Nevada",Binders,Wilson Jones Impact Binders,8.29,2.00,3.00,6,36.25,5,2014
US-2012-106873,24-09-2012,29-09-2012,KunstMiller@gmail.com,"United States,Avondale,Arizona",Art,Dixon Ticonderoga Core-Lock Colored Pencils,14.58,2.00,2.37,5,16.25,9,2012
CA-2011-102645,24-01-2011,29-01-2011,IoniaMcGrath@gmail.com,"United States,Las Vegas,Nevada",Paper,Xerox 195,40.08,6.00,19.24,5,48,1,2011
CA-2013-100300,25-06-2013,27-06-2013,MaxJones@gmail.com,"United States,San Diego,California",Machines,Okidata MB760 Printer,4476.80,4.00,503.64,2,11.25,6,2013
US-2013-155768,02-12-2013,02-12-2013,LaurelBeltran@gmail.com,"United States,Oxnard,California",Furnishings,Tenex Chairmats For Use With Carpeted Floors,31.96,2.00,1.60,0,5,12,2013
CA-2014-119424,13-06-2014,15-06-2014,SarahBrown@gmail.com,"United States,Kent,Washington",Phones,OtterBox Defender Series Case - Samsung Galaxy S4,71.98,3.00,9.00,2,12.5,6,2014
CA-2014-156776,08-08-2014,12-08-2014,JeremyLonsdale@gmail.com,"United States,Westminster,California",Phones,Polycom VoiceStation 500 Conference phone,707.88,3.00,44.24,4,6.25,8,2014
CA-2011-146843,30-11-2011,06-12-2011,PhilipBrown@gmail.com,"United States,Avondale,Arizona",Supplies,Acme Office Executive Series Stainless Steel Trimmers,47.99,7.00,3.60,6,7.5,11,2011
CA-2011-103310,10-05-2011,15-05-2011,GregMatthias@gmail.com,"United States,San Jose,California",Paper,Southworth 25% Cotton Premium Laser Paper and Envelopes,39.96,2.00,19.18,5,48,5,2011
CA-2013-104689,02-12-2013,06-12-2013,FredHopkins@gmail.com,"United States,Los Angeles,California",Art,"Sanford Colorific Colored Pencils, 12/Box",23.04,8.00,6.91,4,30,12,2013
CA-2014-141747,04-08-2014,09-08-2014,ScotCoram@gmail.com,"United States,Seattle,Washington",Storage,"Letter/Legal File Tote with Clear Snap-On Lid, Black Granite",16.06,1.00,4.18,5,26,8,2014
CA-2012-167479,14-03-2012,19-03-2012,ArianneIrving@gmail.com,"United States,Roseville,California",Paper,Xerox 223,19.44,3.00,9.33,5,48,3,2012
CA-2011-144071,08-12-2011,15-12-2011,DennyJoy@gmail.com,"United States,San Francisco,California",Furnishings,Luxo Economy Swing Arm Lamp,39.88,2.00,11.17,7,28,12,2011
CA-2013-152646,22-11-2013,27-11-2013,TiffanyHouse@gmail.com,"United States,Los Angeles,California",Paper,Xerox 222,32.40,5.00,15.55,5,48,11,2013
CA-2014-140515,20-03-2014,25-03-2014,GeorgeZrebassa@gmail.com,"United States,Los Angeles,California",Appliances,Belkin 5 Outlet SurgeMaster Power Centers,381.36,7.00,106.78,5,28,3,2014
CA-2011-153619,03-11-2011,03-11-2011,TracyCollins@gmail.com,"United States,Los Angeles,California",Art,Prang Dustless Chalk Sticks,6.72,4.00,3.36,0,50,11,2011
CA-2014-133718,24-07-2014,27-07-2014,TracyBlumstein@gmail.com,"United States,Los Angeles,California",Binders,"Cardinal HOLDit! Binder Insert Strips,Extra Strips",15.19,3.00,5.51,3,36.25,7,2014
CA-2011-148383,27-12-2011,31-12-2011,ResiPölking@gmail.com,"United States,Phoenix,Arizona",Binders,GBC DocuBind 300 Electric Binding Machine,946.76,6.00,-694.29,4,-73.33333333,12,2011
CA-2013-126732,03-09-2013,07-09-2013,LenaRadford@gmail.com,"United States,Los Angeles,California",Furnishings,Ultra Door Pull Handle,94.68,9.00,31.24,4,33,9,2013
CA-2011-113271,09-07-2011,14-07-2011,DarrinSayre@gmail.com,"United States,San Francisco,California",Binders,Avery Hidden Tab Dividers for Binding Systems,14.30,6.00,4.65,5,32.5,7,2011
CA-2014-130106,23-05-2014,27-05-2014,VickyFreymann@gmail.com,"United States,San Francisco,California",Art,Newell 350,9.84,3.00,2.85,4,29,5,2014
CA-2014-155712,03-03-2014,09-03-2014,KenDana@gmail.com,"United States,Los Angeles,California",Binders,Catalog Binders with Expanding Posts,107.65,2.00,33.64,6,31.25,3,2014
CA-2014-111388,03-09-2014,03-09-2014,StephanieUlpright@gmail.com,"United States,Seattle,Washington",Chairs,"Global Leather Task Chair, Black",215.98,3.00,-2.70,0,-1.25,9,2014
CA-2011-125759,09-02-2011,10-02-2011,NathanMautz@gmail.com,"United States,North Las Vegas,Nevada",Furnishings,"Master Caster Door Stop, Large Brown",14.56,2.00,5.53,1,38,2,2011
US-2011-134054,10-10-2011,10-10-2011,FredChung@gmail.com,"United States,Albuquerque,New Mexico",Art,"Dixon Ticonderoga Core-Lock Colored Pencils, 48-Color Set",255.85,7.00,112.57,0,44,10,2011
CA-2013-166772,21-09-2013,25-09-2013,HeatherJas@gmail.com,"United States,Seattle,Washington",Bookcases,O'Sullivan 5-Shelf Heavy-Duty Bookcases,163.88,2.00,40.97,4,25,9,2013
CA-2014-102218,03-09-2014,05-09-2014,LukeWeiss@gmail.com,"United States,Fort Collins,Colorado",Labels,Avery 519,11.70,2.00,3.95,2,33.75,9,2014
CA-2011-111857,23-04-2011,26-04-2011,NathanMautz@gmail.com,"United States,San Francisco,California",Paper,Xerox 1891,48.91,1.00,22.99,3,47,4,2011
CA-2012-137603,19-09-2012,24-09-2012,MarcHarrigan@gmail.com,"United States,Santa Fe,New Mexico",Art,Newell 323,8.40,5.00,2.18,5,26,9,2012
CA-2011-128237,25-03-2011,30-03-2011,ChristinaAnderson@gmail.com,"United States,San Francisco,California",Art,Newell 35,6.56,2.00,1.90,5,29,3,2011
CA-2014-121853,24-09-2014,30-09-2014,DuaneBenoit@gmail.com,"United States,Los Angeles,California",Paper,Xerox 1909,211.04,8.00,97.08,6,46,9,2014
US-2014-130687,08-09-2014,11-09-2014,PhillipFlathmann@gmail.com,"United States,Edmonds,Washington",Furnishings,DAX Two-Tone Silver Metal Document Frame,80.96,4.00,34.81,3,43,9,2014
CA-2012-164497,28-11-2012,30-11-2012,AshleyJarboe@gmail.com,"United States,San Francisco,California",Appliances,"Holmes Visible Mist Ultrasonic Humidifier with 2.3-Gallon Output per Day, Replacement Filter",45.28,4.00,15.40,2,34,11,2012
CA-2013-108056,30-09-2013,04-10-2013,ErinSmith@gmail.com,"United States,Springfield,Oregon",Phones,Wilson Electronics DB Pro Signal Booster,859.20,3.00,75.18,4,8.75,9,2013
CA-2014-130715,17-09-2014,21-09-2014,CraigYedwab@gmail.com,"United States,San Francisco,California",Fasteners,"OIC Colored Binder Clips, Assorted Sizes",17.90,5.00,8.77,4,49,9,2014
CA-2011-155264,19-10-2011,22-10-2011,RachelPayne@gmail.com,"United States,San Francisco,California",Binders,Accohide Poly Flexible Ring Binders,2.99,1.00,1.12,3,37.5,10,2011
CA-2013-119123,14-03-2013,19-03-2013,DennisBolton@gmail.com,"United States,Riverside,California",Binders,Cardinal EasyOpen D-Ring Binders,51.18,7.00,19.19,5,37.5,3,2013
CA-2013-114860,23-12-2013,29-12-2013,DuaneNoonan@gmail.com,"United States,Moreno Valley,California",Furnishings,Deflect-o DuraMat Antistatic Studded Beveled Mat for Medium Pile Carpeting,842.72,8.00,202.25,6,24,12,2013
CA-2013-159009,24-09-2013,28-09-2013,DavePoirier@gmail.com,"United States,Seattle,Washington",Binders,"ACCOHIDE 3-Ring Binder, Blue, 1""",13.22,4.00,4.46,4,33.75,9,2013
CA-2014-111591,22-03-2014,26-03-2014,PaulStevenson@gmail.com,"United States,Seattle,Washington",Binders,"C-Line Peel & Stick Add-On Filing Pockets, 8-3/4 x 5-1/8, 10/Pack",30.58,6.00,10.32,4,33.75,3,2014
CA-2014-102820,08-05-2014,12-05-2014,CarlosSoltero@gmail.com,"United States,Pasadena,California",Phones,Blue Parrot B250XT Professional Grade Wireless Bluetooth Headset with,419.94,7.00,52.49,4,12.5,5,2014
CA-2013-149671,06-06-2013,10-06-2013,KenBrennan@gmail.com,"United States,Seattle,Washington",Supplies,Acme Box Cutter Scissors,61.38,6.00,15.96,4,26,6,2013
CA-2012-126347,14-12-2012,19-12-2012,AshleyJarboe@gmail.com,"United States,Los Angeles,California",Accessories,Micro Innovations USB RF Wireless Keyboard with Mouse,50.00,2.00,10.50,5,21,12,2012
CA-2014-163097,28-08-2014,01-09-2014,SarahFoster@gmail.com,"United States,Mesa,Arizona",Furnishings,Flat Face Poster Frame,120.58,8.00,33.16,4,27.5,8,2014
CA-2012-130848,25-10-2012,25-10-2012,DeirdreGreer@gmail.com,"United States,Denver,Colorado",Chairs,Global Highback Leather Tilter in Burgundy,582.34,8.00,-29.12,0,-5,10,2012
CA-2011-159814,24-06-2011,28-06-2011,LizPelletier@gmail.com,"United States,Tucson,Arizona",Furnishings,Acrylic Self-Standing Desk Frames,4.27,2.00,0.96,4,22.5,6,2011
CA-2013-108959,11-03-2013,15-03-2013,MayaHerman@gmail.com,"United States,Glendale,Arizona",Storage,"Mini 13-1/2 Capacity Data Binder Rack, Pearl",104.70,1.00,6.54,4,6.25,3,2013
CA-2012-164777,27-01-2012,29-01-2012,SeanChristensen@gmail.com,"United States,Los Angeles,California",Chairs,HON 5400 Series Task Chairs for Big and Tall,2803.92,5.00,0.00,2,0,1,2012
CA-2012-127824,18-10-2012,22-10-2012,JohnCastell@gmail.com,"United States,Seattle,Washington",Phones,Motorola L703CM,249.58,2.00,15.60,4,6.25,10,2012
CA-2011-145254,23-07-2011,27-07-2011,NickCrebassa@gmail.com,"United States,San Francisco,California",Phones,VTech DS6151,604.75,6.00,60.48,4,10,7,2011
CA-2013-160479,16-09-2013,21-09-2013,AngeleHood@gmail.com,"United States,Seattle,Washington",Art,SANFORD Major Accent Highlighters,35.40,5.00,13.45,5,38,9,2013
CA-2012-119627,17-08-2012,23-08-2012,StevenCartwright@gmail.com,"United States,Peoria,Arizona",Accessories,Imation Clip USB flash drive - 8 GB,30.08,2.00,-5.26,6,-17.5,8,2012
CA-2014-107853,27-05-2014,01-06-2014,CarlosDaly@gmail.com,"United States,Oceanside,California",Paper,Xerox 201,12.96,2.00,6.22,5,48,5,2014
US-2013-148957,18-09-2013,24-09-2013,ChuckClark@gmail.com,"United States,Redmond,Washington",Labels,Avery 481,12.32,4.00,5.91,6,48,9,2013
CA-2011-140032,08-09-2011,13-09-2011,TobySwindell@gmail.com,"United States,San Francisco,California",Binders,"Acco PRESSTEX Data Binder with Storage Hooks, Light Blue, 9 1/2"" X 11""",8.61,2.00,3.01,5,35,9,2011
CA-2014-145506,04-06-2014,08-06-2014,MegO'Connel@gmail.com,"United States,Spokane,Washington",Storage,Eldon Gobal File Keepers,136.26,9.00,5.45,4,4,6,2014
CA-2012-129546,28-09-2012,05-10-2012,RoyPhan@gmail.com,"United States,Los Angeles,California",Appliances,"Acco Smartsocket Table Surge Protector, 6 Color-Coded Adapter Outlets",186.15,3.00,55.85,7,30,9,2012
CA-2011-138240,09-10-2011,14-10-2011,ShirleyJackson@gmail.com,"United States,San Francisco,California",Art,Boston Heavy-Duty Trimline Electric Pencil Sharpeners,144.60,3.00,41.93,5,29,10,2011
CA-2011-100867,19-10-2011,24-10-2011,EugeneHildebrand@gmail.com,"United States,Lakewood,California",Phones,RCA Visys Integrated PBX 8-Line Router,321.55,6.00,20.10,5,6.25,10,2011
CA-2013-126858,20-11-2013,24-11-2013,JanetMolinari@gmail.com,"United States,Seattle,Washington",Furnishings,Tenex Chairmats For Use With Carpeted Floors,31.96,2.00,1.60,4,5,11,2013
CA-2011-122679,22-07-2011,28-07-2011,AlejandroBallentine@gmail.com,"United States,Los Angeles,California",Art,Crayola Colored Pencils,19.68,6.00,6.49,6,33,7,2011
CA-2012-156566,01-10-2012,04-10-2012,EricMurdock@gmail.com,"United States,Portland,Oregon",Phones,Wilson Electronics DB Pro Signal Booster,572.80,2.00,50.12,3,8.75,10,2012
CA-2014-111738,04-01-2014,08-01-2014,ChristopherMartinez@gmail.com,"United States,San Francisco,California",Binders,GBC ProClick 150 Presentation Binding System,2022.27,8.00,682.52,4,33.75,1,2014
US-2013-123610,13-05-2013,17-05-2013,VivianMathis@gmail.com,"United States,Mission Viejo,California",Accessories,Memorex Mini Travel Drive 32 GB USB 2.0 Flash Drive,120.00,6.00,46.80,4,39,5,2013
US-2012-158589,20-11-2012,24-11-2012,KellyWilliams@gmail.com,"United States,San Francisco,California",Furnishings,Dana Swing-Arm Lamps,32.04,3.00,8.01,4,25,11,2012
US-2014-104451,09-05-2014,13-05-2014,MichelleMoray@gmail.com,"United States,San Francisco,California",Appliances,Fellowes Mighty 8 Compact Surge Protector,81.08,4.00,22.70,4,28,5,2014
CA-2013-101189,04-02-2013,09-02-2013,JenniferBraxton@gmail.com,"United States,Los Angeles,California",Storage,Safco Commercial Shelving,93.02,2.00,3.72,5,4,2,2013
CA-2014-156958,06-12-2014,07-12-2014,PatrickBzostek@gmail.com,"United States,Seattle,Washington",Binders,GBC Premium Transparent Covers with Diagonal Lined Pattern,83.92,5.00,29.37,1,35,12,2014
CA-2014-111759,09-07-2014,13-07-2014,MathewReese@gmail.com,"United States,Seattle,Washington",Paper,Staples,52.76,2.00,24.27,4,46,7,2014
CA-2013-148747,26-09-2013,28-09-2013,AaronSmayling@gmail.com,"United States,San Francisco,California",Bookcases,"Atlantic Metals Mobile 4-Shelf Bookcases, Custom Colors",477.67,2.00,84.29,2,17.64705882,9,2013
CA-2012-135727,11-05-2012,16-05-2012,PaulStevenson@gmail.com,"United States,Phoenix,Arizona",Chairs,Global Chrome Stack Chair,191.97,7.00,16.80,5,8.75,5,2012
CA-2012-160864,03-05-2012,06-05-2012,NicoleFjeld@gmail.com,"United States,San Jose,California",Binders,Avery Binding System Hidden Tab Executive Style Index Sets,13.85,3.00,5.19,3,37.5,5,2012
CA-2013-125724,23-09-2013,28-09-2013,SuzanneMcNair@gmail.com,"United States,Broomfield,Colorado",Furnishings,Aluminum Document Frame,68.43,7.00,8.55,5,12.5,9,2013
CA-2012-161242,01-06-2012,08-06-2012,CatherineGlotzbach@gmail.com,"United States,Los Angeles,California",Paper,"Adams Telephone Message Book W/Dividers/Space For Phone Numbers, 5 1/4""X8 1/2"", 300/Messages",11.76,2.00,5.76,7,49,6,2012
CA-2012-148495,13-08-2012,13-08-2012,SandraFlanagan@gmail.com,"United States,Pomona,California",Furnishings,Ultra Door Pull Handle,31.56,3.00,10.41,0,33,8,2012
CA-2013-108630,19-11-2013,19-11-2013,BobbyElias@gmail.com,"United States,Concord,California",Binders,Recycled Premium Regency Composition Covers,61.12,5.00,22.16,0,36.25,11,2013
CA-2014-104619,25-01-2014,30-01-2014,KeithDawkins@gmail.com,"United States,San Jose,California",Appliances,"Acco Six-Outlet Power Strip, 4' Cord Length",25.86,3.00,6.72,5,26,1,2014
CA-2012-149517,19-09-2012,23-09-2012,FrankCarlisle@gmail.com,"United States,Sacramento,California",Furnishings,"Seth Thomas 8 1/2"" Cubicle Clock",60.84,3.00,19.47,4,32,9,2012
CA-2012-116841,14-04-2012,18-04-2012,TheonePippenger@gmail.com,"United States,Springfield,Oregon",Appliances,Acco Smartsocket Color-Coded Six-Outlet AC Adapter Model Surge Protectors,35.21,1.00,2.64,4,7.5,4,2012
CA-2013-130638,17-05-2013,20-05-2013,SanjitChand@gmail.com,"United States,Los Angeles,California",Furnishings,"Tenex Carpeted, Granite-Look or Clear Contemporary Contour Shape Chair Mats",282.84,4.00,19.80,3,7,5,2013
CA-2013-110086,19-09-2013,23-09-2013,BillDonatelli@gmail.com,"United States,Woodland,California",Phones,Polycom CX300 Desktop Phone USB VoIP phone,239.98,2.00,24.00,4,10,9,2013
CA-2011-128524,11-11-2011,13-11-2011,MaryZewe@gmail.com,"United States,Seattle,Washington",Appliances,Belkin F5C206VTEL 6 Outlet Surge,22.98,1.00,6.89,2,30,11,2011
CA-2013-140256,23-08-2013,30-08-2013,PaulineWebber@gmail.com,"United States,Los Angeles,California",Art,Newell 346,5.76,2.00,1.67,7,29,8,2013
CA-2011-124702,18-11-2011,25-11-2011,MayaHerman@gmail.com,"United States,Seattle,Washington",Furnishings,"Howard Miller 13-1/2"" Diameter Rosebrook Wall Clock",137.54,2.00,55.02,7,40,11,2011
US-2014-125808,13-11-2014,16-11-2014,EmilyPhan@gmail.com,"United States,Los Angeles,California",Paper,Xerox 1899,11.56,2.00,5.66,3,49,11,2014
CA-2011-104563,07-03-2011,12-03-2011,CraigMolinari@gmail.com,"United States,Seattle,Washington",Art,Newell Chalk Holder,20.65,5.00,9.50,5,46,3,2011
US-2014-107979,09-06-2014,14-06-2014,FrankOlsen@gmail.com,"United States,Glendale,Arizona",Accessories,Memorex Micro Travel Drive 16 GB,89.54,7.00,12.31,5,13.75,6,2014
CA-2013-107104,27-11-2013,01-12-2013,MaribethSchnelling@gmail.com,"United States,Los Angeles,California",Bookcases,DMI Eclipse Executive Suite Bookcases,3406.66,8.00,160.31,4,4.705882353,11,2013
CA-2014-161893,24-01-2014,28-01-2014,HaroldPawlan@gmail.com,"United States,Tucson,Arizona",Accessories,Logitech Wireless Anywhere Mouse MX for PC and Mac,95.98,2.00,12.00,4,12.5,1,2014
CA-2011-100860,26-03-2011,30-03-2011,CindyStewart@gmail.com,"United States,Pomona,California",Labels,Smead Alpha-Z Color-Coded Name Labels First Letter Starter Set,18.75,5.00,9.00,4,48,3,2011
CA-2013-160717,07-06-2013,12-06-2013,MariaEtezadi@gmail.com,"United States,Santa Barbara,California",Phones,Samsung Galaxy Mega 6.3,3023.93,9.00,226.79,5,7.5,6,2013
CA-2014-132619,01-09-2014,06-09-2014,MaxwellSchwartz@gmail.com,"United States,San Francisco,California",Storage,Space Solutions Commercial Steel Shelving,193.95,3.00,9.70,5,5,9,2014
US-2012-120957,07-12-2012,07-12-2012,KristenHastings@gmail.com,"United States,Riverside,California",Paper,Xerox 218,12.96,2.00,6.22,0,48,12,2012
CA-2014-157448,17-11-2014,21-11-2014,LenaCreighton@gmail.com,"United States,Los Angeles,California",Furnishings,Eldon Radial Chair Mat for Low to Medium Pile Carpets,119.94,3.00,23.99,4,20,11,2014
CA-2013-126270,24-04-2013,28-04-2013,ArtFerguson@gmail.com,"United States,San Clemente,California",Binders,Recycled Pressboard Report Cover with Reinforced Top Hinge,18.09,7.00,6.56,4,36.25,4,2013
US-2014-140312,14-11-2014,20-11-2014,KenLonsdale@gmail.com,"United States,Dublin,California",Phones,Samsung Replacement EH64AVFWE Premium Headset,22.00,5.00,1.38,6,6.25,11,2014
CA-2013-137393,07-05-2013,11-05-2013,GeneMcClure@gmail.com,"United States,Bakersfield,California",Furnishings,"Executive Impressions 8-1/2"" Career Panel/Partition Cubicle Clock",41.60,4.00,14.14,4,34,5,2013
CA-2012-130113,27-12-2012,31-12-2012,AaronHawkins@gmail.com,"United States,San Francisco,California",Storage,Fellowes Super Stor/Drawer Files,323.10,2.00,61.39,4,19,12,2012
CA-2014-122770,14-12-2014,19-12-2014,EmilyPhan@gmail.com,"United States,San Francisco,California",Labels,Avery 49,8.64,3.00,4.23,5,49,12,2014
CA-2014-118668,03-01-2014,05-01-2014,FredWasserman@gmail.com,"United States,Los Angeles,California",Accessories,Kensington K72356US Mouse-in-a-Box USB Desktop Mouse,16.59,1.00,5.81,2,35,1,2014
CA-2014-116498,31-05-2014,04-06-2014,KellyAndreada@gmail.com,"United States,San Diego,California",Art,"Dixon My First Ticonderoga Pencil, #2",35.10,6.00,10.18,4,29,5,2014
CA-2014-130148,25-09-2014,29-09-2014,NeilKnudson@gmail.com,"United States,San Francisco,California",Paper,Array Memo Cubes,31.08,6.00,15.23,4,49,9,2014
CA-2014-154116,16-12-2014,20-12-2014,KhloeMiller@gmail.com,"United States,Inglewood,California",Paper,"Wirebound Message Books, Two 4 1/4"" x 5"" Forms per Page",22.83,3.00,10.73,4,47,12,2014
CA-2013-105291,31-10-2013,05-11-2013,SusanPistek@gmail.com,"United States,San Luis Obispo,California",Fasteners,Assorted Color Push Pins,3.62,2.00,1.19,5,33,10,2013
CA-2014-125990,20-10-2014,24-10-2014,JoySmith@gmail.com,"United States,San Francisco,California",Binders,JM Magazine Binder,39.62,3.00,13.87,4,35,10,2014
CA-2013-161746,22-10-2013,28-10-2013,CarlosSoltero@gmail.com,"United States,Los Angeles,California",Chairs,Office Star Flex Back Scooter Chair with Aluminum Finish Frame,242.14,3.00,12.11,6,5,10,2013
CA-2013-116379,08-11-2013,13-11-2013,LisaDeCherney@gmail.com,"United States,San Francisco,California",Binders,GBC VeloBinder Manual Binding System,57.58,2.00,20.15,5,35,11,2013
CA-2014-142293,18-09-2014,21-09-2014,ShahidCollister@gmail.com,"United States,Boise,Idaho",Accessories,Logitech Trackman Marble Mouse,89.97,3.00,37.79,3,42,9,2014
CA-2011-111962,29-09-2011,04-10-2011,EvanBailliet@gmail.com,"United States,Seattle,Washington",Binders,GBC Standard Plastic Binding Systems' Combs,10.05,2.00,3.14,5,31.25,9,2011
CA-2014-124261,15-11-2014,20-11-2014,JoeElijah@gmail.com,"United States,Los Angeles,California",Art,Newell 347,34.24,8.00,9.93,5,29,11,2014
CA-2014-129294,17-03-2014,22-03-2014,KenDana@gmail.com,"United States,Los Angeles,California",Storage,"Dual Level, Single-Width Filing Carts",310.12,2.00,80.63,5,26,3,2014
CA-2014-131303,29-11-2014,03-12-2014,EmilyPhan@gmail.com,"United States,San Diego,California",Labels,Round Specialty Laser Printer Labels,62.65,5.00,29.45,4,47,11,2014
CA-2014-137505,25-11-2014,25-11-2014,BethPaige@gmail.com,"United States,Los Angeles,California",Tables,"Hon Practical Foundations 30 x 60 Training Table, Light Gray/Charcoal",364.08,2.00,9.10,0,2.5,11,2014
US-2013-158680,02-07-2013,03-07-2013,NickZandusky@gmail.com,"United States,Seattle,Washington",Binders,Zipper Ring Binder Pockets,2.50,1.00,0.90,1,36.25,7,2013
CA-2013-146913,01-11-2013,06-11-2013,SylviaFoulston@gmail.com,"United States,San Francisco,California",Chairs,Office Star - Professional Matrix Back Chair with 2-to-1 Synchro Tilt and Mesh Fabric Seat,1403.92,5.00,70.20,5,5,11,2013
CA-2011-121762,15-02-2011,19-02-2011,MarinaLichtenstein@gmail.com,"United States,Seattle,Washington",Accessories,Logitech G600 MMO Gaming Mouse,239.97,3.00,86.39,4,36,2,2011
CA-2011-123855,18-06-2011,23-06-2011,MickCrebagga@gmail.com,"United States,Los Angeles,California",Phones,Plantronics Cordless Phone Headset with In-line Volume - M214C,139.80,5.00,12.23,5,8.75,6,2011
CA-2014-142328,08-12-2014,15-12-2014,TracyCollins@gmail.com,"United States,San Francisco,California",Paper,"REDIFORM Incoming/Outgoing Call Register, 11"" X 8 1/2"", 100 Messages",50.04,6.00,25.02,7,50,12,2014
CA-2014-137918,30-09-2014,07-10-2014,JoeKamberova@gmail.com,"United States,Lodi,California",Supplies,"Acme Hot Forged Carbon Steel Scissors with Nickel-Plated Handles, 3 7/8"" Cut, 8""L",97.30,7.00,28.22,7,29,9,2014
US-2011-139640,07-11-2011,11-11-2011,TroyBlackwell@gmail.com,"United States,Portland,Oregon",Paper,Xerox 1995,25.92,5.00,9.07,4,35,11,2011
US-2011-164406,15-08-2011,19-08-2011,BrianDahlen@gmail.com,"United States,San Francisco,California",Appliances,Tripp Lite TLP810NET Broadband Surge for Modem/Fax,152.91,3.00,42.81,4,28,8,2011
US-2013-125402,26-09-2013,02-10-2013,DanLawera@gmail.com,"United States,Long Beach,California",Paper,"Ampad Evidence Wirebond Steno Books, 6"" x 9""",10.90,5.00,5.12,6,47,9,2013
CA-2014-169327,03-09-2014,05-09-2014,MarcHarrigan@gmail.com,"United States,Los Angeles,California",Appliances,"Acco Six-Outlet Power Strip, 4' Cord Length",43.10,5.00,11.21,2,26,9,2014
CA-2011-142979,12-04-2011,18-04-2011,EdwardHooks@gmail.com,"United States,Lodi,California",Art,Prismacolor Color Pencil Set,39.68,2.00,16.27,6,41,4,2011
CA-2014-138870,20-06-2014,24-06-2014,GeorgeAshbrook@gmail.com,"United States,San Francisco,California",Furnishings,"DAX Copper Panel Document Frame, 5 x 7 Size",50.32,4.00,21.13,4,42,6,2014
CA-2012-164301,26-03-2012,30-03-2012,EllisBallard@gmail.com,"United States,Seattle,Washington",Tables,Bush Advantage Collection Racetrack Conference Table,3393.68,8.00,610.86,4,18,3,2012
CA-2011-112291,03-04-2011,08-04-2011,KatrinaEdelman@gmail.com,"United States,Los Angeles,California",Envelopes,Staples,11.16,2.00,5.58,5,50,4,2011
CA-2014-117646,22-08-2014,26-08-2014,SungChung@gmail.com,"United States,Louisville,Colorado",Storage,"Recycled Data-Pak for Archival Bound Computer Printouts, 12-1/2 x 12-1/2 x 16",237.10,3.00,20.75,4,8.75,8,2014
US-2012-129007,13-09-2012,15-09-2012,KenDana@gmail.com,"United States,Anaheim,California",Furnishings,Flat Face Poster Frame,131.88,7.00,55.39,2,42,9,2012
CA-2012-132388,10-10-2012,12-10-2012,KatherineNockton@gmail.com,"United States,Santa Barbara,California",Chairs,"Global Leather & Oak Executive Chair, Burgundy",362.14,3.00,-54.32,2,-15,10,2012
CA-2013-129630,05-09-2013,05-09-2013,IoniaMcGrath@gmail.com,"United States,San Francisco,California",Furnishings,"6"" Cubicle Wall Clock, Black",24.27,3.00,8.74,0,36,9,2013
CA-2012-104948,13-11-2012,17-11-2012,KeithHerrera@gmail.com,"United States,San Bernardino,California",Binders,"Universal Recycled Hanging Pressboard Report Binders, Letter Size",9.87,2.00,3.46,4,35,11,2012
CA-2013-164889,04-06-2013,07-06-2013,ChristinePhan@gmail.com,"United States,Los Angeles,California",Tables,Hon 61000 Series Interactive Training Tables,71.09,2.00,-1.78,3,-2.5,6,2013
CA-2014-164028,25-11-2014,01-12-2014,JohnLee@gmail.com,"United States,San Francisco,California",Accessories,Memorex Mini Travel Drive 16 GB USB 2.0 Flash Drive,223.58,14.00,87.20,6,39,11,2014
CA-2011-143371,28-12-2011,03-01-2012,MaribethDona@gmail.com,"United States,Anaheim,California",Storage,"Carina Mini System Audio Rack, Model AR050B",998.82,9.00,29.96,6,3,12,2011
CA-2012-145415,12-04-2012,17-04-2012,RobertDilbeck@gmail.com,"United States,Seattle,Washington",Storage,"Rogers Jumbo File, Granite",40.74,3.00,0.41,5,1,4,2012
CA-2012-141593,14-12-2012,16-12-2012,DarrenBudd@gmail.com,"United States,Los Angeles,California",Binders,Ibico Recycled Grain-Textured Covers,55.26,2.00,20.72,2,37.5,12,2012
CA-2014-137421,07-10-2014,12-10-2014,AshleyJarboe@gmail.com,"United States,Chandler,Arizona",Art,Avery Hi-Liter Smear-Safe Highlighters,9.34,2.00,1.87,5,20,10,2014
US-2013-103674,07-12-2013,11-12-2013,AnnePryor@gmail.com,"United States,Los Angeles,California",Phones,Avaya 5410 Digital phone,271.96,5.00,27.20,4,10,12,2013
CA-2013-125794,30-09-2013,04-10-2013,MarisLaWare@gmail.com,"United States,Los Angeles,California",Accessories,Memorex Mini Travel Drive 64 GB USB 2.0 Flash Drive,36.24,1.00,15.22,4,42,9,2013
CA-2014-121258,27-02-2014,04-03-2014,DaveBrooks@gmail.com,"United States,Costa Mesa,California",Furnishings,Tenex B1-RE Series Chair Mats for Low Pile Carpets,91.96,2.00,15.63,5,17,2,2014
CA-2014-119914,05-05-2014,10-05-2014,ChrisCortes@gmail.com,"United States,Westminster,California",Appliances,"Acco 7-Outlet Masterpiece Power Center, Wihtout Fax/Phone Line Protection",243.16,2.00,72.95,5,30,5,2014
,,,,,,,,,,,,,
,,,,,,,,,,,,,
,,,,,,,,,,,,,
,,,,,,,,,,,,,
,,,,,,,,,,,,,
,,,,,,,,,,,,,
,,,,,,,,,,,,,
,,,,,,,,,,,,,
,,,,,,,,,,,,,
,,,,,,,,,,,,,
,,,,,,,,,,,,,
,,,,,,,,,,,,,
,,,,,,,,,,,,,
,,,,,,,,,,,,,
,,,,,,,,,,,,,
,,,,,,,,,,,,,
,,,,,,,,,,,,,
,,,,,,,,,,,,,
,,,,,,,,,,,,,
,,,,,,,,,,,,,
,,,,,,,,,,,,,
,,,,,,,,,,,,,
,,,,,,,,,,,,,
,,,,,,,,,,,,,
,,,,,,,,,,,,,
,,,,,,,,,,,,,
,,,,,,,,,,,,,
,,,,,,,,,,,,,
,,,,,,,,,,,,,
,,,,,,,,,,,,,
,,,,,,,,,,,,,
,,,,,,,,,,,,,
,,,,,,,,,,,,,
,,,,,,,,,,,,,
,,,,,,,,,,,,,
,,,,,,,,,,,,,
,,,,,,,,,,,,,
,,,,,,,,,,,,,
,,,,,,,,,,,,,
,,,,,,,,,,,,,
,,,,,,,,,,,,,
,,,,,,,,,,,,,
,,,,,,,,,,,,,
,,,,,,,,,,,,,
,,,,,,,,,,,,,
,,,,,,,,,,,,,
,,,,,,,,,,,,,
,,,,,,,,,,,,,
,,,,,,,,,,,,,
,,,,,,,,,,,,,
,,,,,,,,,,,,,
,,,,,,,,,,,,,
,,,,,,,,,,,,,
,,,,,,,,,,,,,
,,,,,,,,,,,,,
,,,,,,,,,,,,,
,,,,,,,,,,,,,
,,,,,,,,,,,,,
,,,,,,,,,,,,,
,,,,,,,,,,,,,
,,,,,,,,,,,,,
,,,,,,,,,,,,,
,,,,,,,,,,,,,
,,,,,,,,,,,,,
,,,,,,,,,,,,,
,,,,,,,,,,,,,
,,,,,,,,,,,,,
,,,,,,,,,,,,,
,,,,,,,,,,,,,
,,,,,,,,,,,,,
,,,,,,,,,,,,,
,,,,,,,,,,,,,
,,,,,,,,,,,,,
,,,,,,,,,,,,,
,,,,,,,,,,,,,
,,,,,,,,,,,,,
,,,,,,,,,,,,,
,,,,,,,,,,,,,
,,,,,,,,,,,,,
,,,,,,,,,,,,,
,,,,,,,,,,,,,
,,,,,,,,,,,,,
,,,,,,,,,,,,,
,,,,,,,,,,,,,
,,,,,,,,,,,,,
,,,,,,,,,,,,,
,,,,,,,,,,,,,
,,,,,,,,,,,,,
,,,,,,,,,,,,,
,,,,,,,,,,,,,
,,,,,,,,,,,,,
,,,,,,,,,,,,,
,,,,,,,,,,,,,
,,,,,,,,,,,,,
,,,,,,,,,,,,,
,,,,,,,,,,,,,
,,,,,,,,,,,,,
,,,,,,,,,,,,,
,,,,,,,,,,,,,
,,,,,,,,,,,,,
,,,,,,,,,,,,,
,,,,,,,,,,,,,
,,,,,,,,,,,,,
,,,,,,,,,,,,,
,,,,,,,,,,,,,
,,,,,,,,,,,,,
,,,,,,,,,,,,,
,,,,,,,,,,,,,
,,,,,,,,,,,,,
,,,,,,,,,,,,,
,,,,,,,,,,,,,
,,,,,,,,,,,,,
,,,,,,,,,,,,,
,,,,,,,,,,,,,
,,,,,,,,,,,,,
,,,,,,,,,,,,,
,,,,,,,,,,,,,
,,,,,,,,,,,,,
,,,,,,,,,,,,,
,,,,,,,,,,,,,
,,,,,,,,,,,,,
,,,,,,,,,,,,,
,,,,,,,,,,,,,
,,,,,,,,,,,,,
,,,,,,,,,,,,,
,,,,,,,,,,,,,
,,,,,,,,,,,,,
,,,,,,,,,,,,,
,,,,,,,,,,,,,
,,,,,,,,,,,,,
,,,,,,,,,,,,,
,,,,,,,,,,,,,
,,,,,,,,,,,,,
,,,,,,,,,,,,,
,,,,,,,,,,,,,
,,,,,,,,,,,,,
,,,,,,,,,,,,,
,,,,,,,,,,,,,
,,,,,,,,,,,,,
,,,,,,,,,,,,,
,,,,,,,,,,,,,
,,,,,,,,,,,,,
,,,,,,,,,,,,,
,,,,,,,,,,,,,
,,,,,,,,,,,,,
,,,,,,,,,,,,,
,,,,,,,,,,,,,
,,,,,,,,,,,,,
,,,,,,,,,,,,,
,,,,,,,,,,,,,
,,,,,,,,,,,,,
,,,,,,,,,,,,,
,,,,,,,,,,,,,
,,,,,,,,,,,,,
,,,,,,,,,,,,,
,,,,,,,,,,,,,
,,,,,,,,,,,,,
,,,,,,,,,,,,,
,,,,,,,,,,,,,
,,,,,,,,,,,,,
,,,,,,,,,,,,,
,,,,,,,,,,,,,
,,,,,,,,,,,,,
,,,,,,,,,,,,,
,,,,,,,,,,,,,
,,,,,,,,,,,,,
,,,,,,,,,,,,,
,,,,,,,,,,,,,
,,,,,,,,,,,,,
,,,,,,,,,,,,,
,,,,,,,,,,,,,
,,,,,,,,,,,,,
,,,,,,,,,,,,,
,,,,,,,,,,,,,
,,,,,,,,,,,,,
,,,,,,,,,,,,,
,,,,,,,,,,,,,
,,,,,,,,,,,,,
,,,,,,,,,,,,,
,,,,,,,,,,,,,
,,,,,,,,,,,,,
,,,,,,,,,,,,,
,,,,,,,,,,,,,
,,,,,,,,,,,,,
,,,,,,,,,,,,,
,,,,,,,,,,,,,
,,,,,,,,,,,,,
,,,,,,,,,,,,,
,,,,,,,,,,,,,
,,,,,,,,,,,,,
,,,,,,,,,,,,,
,,,,,,,,,,,,,
,,,,,,,,,,,,,
,,,,,,,,,,,,,
,,,,,,,,,,,,,
,,,,,,,,,,,,,
,,,,,,,,,,,,,
,,,,,,,,,,,,,
,,,,,,,,,,,,,
,,,,,,,,,,,,,
,,,,,,,,,,,,,
,,,,,,,,,,,,,
,,,,,,,,,,,,,
,,,,,,,,,,,,,
,,,,,,,,,,,,,
,,,,,,,,,,,,,
,,,,,,,,,,,,,
,,,,,,,,,,,,,
,,,,,,,,,,,,,
,,,,,,,,,,,,,
,,,,,,,,,,,,,
,,,,,,,,,,,,,
,,,,,,,,,,,,,
,,,,,,,,,,,,,
,,,,,,,,,,,,,
,,,,,,,,,,,,,
,,,,,,,,,,,,,
,,,,,,,,,,,,,
,,,,,,,,,,,,,
,,,,,,,,,,,,,
,,,,,,,,,,,,,
,,,,,,,,,,,,,
,,,,,,,,,,,,,
,,,,,,,,,,,,,
,,,,,,,,,,,,,
,,,,,,,,,,,,,
,,,,,,,,,,,,,
,,,,,,,,,,,,,
,,,,,,,,,,,,,
,,,,,,,,,,,,,
,,,,,,,,,,,,,
,,,,,,,,,,,,,
,,,,,,,,,,,,,
,,,,,,,,,,,,,
,,,,,,,,,,,,,
,,,,,,,,,,,,,
,,,,,,,,,,,,,
,,,,,,,,,,,,,
,,,,,,,,,,,,,
,,,,,,,,,,,,,
,,,,,,,,,,,,,
,,,,,,,,,,,,,
,,,,,,,,,,,,,
,,,,,,,,,,,,,
,,,,,,,,,,,,,
,,,,,,,,,,,,,
,,,,,,,,,,,,,
,,,,,,,,,,,,,
,,,,,,,,,,,,,
,,,,,,,,,,,,,
,,,,,,,,,,,,,
,,,,,,,,,,,,,
,,,,,,,,,,,,,
,,,,,,,,,,,,,
,,,,,,,,,,,,,
,,,,,,,,,,,,,
,,,,,,,,,,,,,
,,,,,,,,,,,,,
,,,,,,,,,,,,,
,,,,,,,,,,,,,
,,,,,,,,,,,,,
,,,,,,,,,,,,,
,,,,,,,,,,,,,
,,,,,,,,,,,,,
,,,,,,,,,,,,,
,,,,,,,,,,,,,
,,,,,,,,,,,,,
,,,,,,,,,,,,,
,,,,,,,,,,,,,
,,,,,,,,,,,,,
,,,,,,,,,,,,,
,,,,,,,,,,,,,
,,,,,,,,,,,,,
,,,,,,,,,,,,,
,,,,,,,,,,,,,
,,,,,,,,,,,,,
,,,,,,,,,,,,,
,,,,,,,,,,,,,
,,,,,,,,,,,,,
,,,,,,,,,,,,,
,,,,,,,,,,,,,
,,,,,,,,,,,,,
,,,,,,,,,,,,,
,,,,,,,,,,,,,
,,,,,,,,,,,,,
,,,,,,,,,,,,,
,,,,,,,,,,,,,
,,,,,,,,,,,,,
,,,,,,,,,,,,,
,,,,,,,,,,,,,
,,,,,,,,,,,,,
,,,,,,,,,,,,,
,,,,,,,,,,,,,
,,,,,,,,,,,,,
,,,,,,,,,,,,,
,,,,,,,,,,,,,
,,,,,,,,,,,,,
,,,,,,,,,,,,,
,,,,,,,,,,,,,
,,,,,,,,,,,,,
,,,,,,,,,,,,,
,,,,,,,,,,,,,
,,,,,,,,,,,,,
,,,,,,,,,,,,,
,,,,,,,,,,,,,
,,,,,,,,,,,,,
,,,,,,,,,,,,,
,,,,,,,,,,,,,
,,,,,,,,,,,,,
,,,,,,,,,,,,,
,,,,,,,,,,,,,
,,,,,,,,,,,,,
,,,,,,,,,,,,,
,,,,,,,,,,,,,
,,,,,,,,,,,,,
,,,,,,,,,,,,,
,,,,,,,,,,,,,
,,,,,,,,,,,,,
,,,,,,,,,,,,,
,,,,,,,,,,,,,
,,,,,,,,,,,,,
,,,,,,,,,,,,,
,,,,,,,,,,,,,
,,,,,,,,,,,,,
,,,,,,,,,,,,,
,,,,,,,,,,,,,
,,,,,,,,,,,,,
,,,,,,,,,,,,,
,,,,,,,,,,,,,
,,,,,,,,,,,,,
,,,,,,,,,,,,,
,,,,,,,,,,,,,
,,,,,,,,,,,,,
,,,,,,,,,,,,,
,,,,,,,,,,,,,
,,,,,,,,,,,,,
,,,,,,,,,,,,,
,,,,,,,,,,,,,
,,,,,,,,,,,,,
,,,,,,,,,,,,,
,,,,,,,,,,,,,
,,,,,,,,,,,,,
,,,,,,,,,,,,,
,,,,,,,,,,,,,
,,,,,,,,,,,,,
,,,,,,,,,,,,,
,,,,,,,,,,,,,
,,,,,,,,,,,,,
,,,,,,,,,,,,,
,,,,,,,,,,,,,
,,,,,,,,,,,,,
,,,,,,,,,,,,,
,,,,,,,,,,,,,
,,,,,,,,,,,,,
,,,,,,,,,,,,,
,,,,,,,,,,,,,
,,,,,,,,,,,,,
,,,,,,,,,,,,,
,,,,,,,,,,,,,
,,,,,,,,,,,,,
,,,,,,,,,,,,,
,,,,,,,,,,,,,
,,,,,,,,,,,,,
,,,,,,,,,,,,,
,,,,,,,,,,,,,
,,,,,,,,,,,,,
,,,,,,,,,,,,,
,,,,,,,,,,,,,
,,,,,,,,,,,,,
,,,,,,,,,,,,,
,,,,,,,,,,,,,
,,,,,,,,,,,,,
,,,,,,,,,,,,,
,,,,,,,,,,,,,
,,,,,,,,,,,,,
,,,,,,,,,,,,,
,,,,,,,,,,,,,
,,,,,,,,,,,,,
,,,,,,,,,,,,,
,,,,,,,,,,,,,
,,,,,,,,,,,,,
,,,,,,,,,,,,,
,,,,,,,,,,,,,
,,,,,,,,,,,,,
,,,,,,,,,,,,,
,,,,,,,,,,,,,
,,,,,,,,,,,,,
,,,,,,,,,,,,,
,,,,,,,,,,,,,
,,,,,,,,,,,,,
,,,,,,,,,,,,,
,,,,,,,,,,,,,
,,,,,,,,,,,,,
,,,,,,,,,,,,,
,,,,,,,,,,,,,
,,,,,,,,,,,,,
,,,,,,,,,,,,,
,,,,,,,,,,,,,
,,,,,,,,,,,,,
,,,,,,,,,,,,,
,,,,,,,,,,,,,
,,,,,,,,,,,,,
,,,,,,,,,,,,,
,,,,,,,,,,,,,
,,,,,,,,,,,,,
,,,,,,,,,,,,,
,,,,,,,,,,,,,
,,,,,,,,,,,,,
,,,,,,,,,,,,,
,,,,,,,,,,,,,
,,,,,,,,,,,,,
,,,,,,,,,,,,,
,,,,,,,,,,,,,
,,,,,,,,,,,,,
,,,,,,,,,,,,,
,,,,,,,,,,,,,
,,,,,,,,,,,,,
,,,,,,,,,,,,,
,,,,,,,,,,,,,
,,,,,,,,,,,,,
,,,,,,,,,,,,,
,,,,,,,,,,,,,
,,,,,,,,,,,,,
,,,,,,,,,,,,,
,,,,,,,,,,,,,
,,,,,,,,,,,,,
,,,,,,,,,,,,,
,,,,,,,,,,,,,
,,,,,,,,,,,,,
,,,,,,,,,,,,,
,,,,,,,,,,,,,
,,,,,,,,,,,,,
,,,,,,,,,,,,,
,,,,,,,,,,,,,
,,,,,,,,,,,,,
,,,,,,,,,,,,,
,,,,,,,,,,,,,
,,,,,,,,,,,,,
,,,,,,,,,,,,,
,,,,,,,,,,,,,
,,,,,,,,,,,,,
,,,,,,,,,,,,,
,,,,,,,,,,,,,
,,,,,,,,,,,,,
,,,,,,,,,,,,,
,,,,,,,,,,,,,
,,,,,,,,,,,,,
,,,,,,,,,,,,,
,,,,,,,,,,,,,
,,,,,,,,,,,,,
,,,,,,,,,,,,,
,,,,,,,,,,,,,
,,,,,,,,,,,,,
,,,,,,,,,,,,,
,,,,,,,,,,,,,
,,,,,,,,,,,,,
,,,,,,,,,,,,,
,,,,,,,,,,,,,
,,,,,,,,,,,,,
,,,,,,,,,,,,,
,,,,,,,,,,,,,
,,,,,,,,,,,,,
,,,,,,,,,,,,,
,,,,,,,,,,,,,
,,,,,,,,,,,,,
,,,,,,,,,,,,,
,,,,,,,,,,,,,
,,,,,,,,,,,,,
,,,,,,,,,,,,,
,,,,,,,,,,,,,
,,,,,,,,,,,,,
,,,,,,,,,,,,,
,,,,,,,,,,,,,
,,,,,,,,,,,,,
,,,,,,,,,,,,,
,,,,,,,,,,,,,
,,,,,,,,,,,,,
,,,,,,,,,,,,,
,,,,,,,,,,,,,
,,,,,,,,,,,,,
,,,,,,,,,,,,,
,,,,,,,,,,,,,
,,,,,,,,,,,,,
,,,,,,,,,,,,,
,,,,,,,,,,,,,
,,,,,,,,,,,,,
,,,,,,,,,,,,,
,,,,,,,,,,,,,
,,,,,,,,,,,,,
,,,,,,,,,,,,,
,,,,,,,,,,,,,
,,,,,,,,,,,,,
,,,,,,,,,,,,,
,,,,,,,,,,,,,
,,,,,,,,,,,,,
,,,,,,,,,,,,,
,,,,,,,,,,,,,
,,,,,,,,,,,,,
,,,,,,,,,,,,,
,,,,,,,,,,,,,
,,,,,,,,,,,,,
,,,,,,,,,,,,,
,,,,,,,,,,,,,
,,,,,,,,,,,,,
,,,,,,,,,,,,,
,,,,,,,,,,,,,
,,,,,,,,,,,,,
,,,,,,,,,,,,,
,,,,,,,,,,,,,
,,,,,,,,,,,,,
,,,,,,,,,,,,,
,,,,,,,,,,,,,
,,,,,,,,,,,,,
,,,,,,,,,,,,,
,,,,,,,,,,,,,
,,,,,,,,,,,,,
,,,,,,,,,,,,,
,,,,,,,,,,,,,
,,,,,,,,,,,,,
,,,,,,,,,,,,,
,,,,,,,,,,,,,
,,,,,,,,,,,,,
,,,,,,,,,,,,,
,,,,,,,,,,,,,
,,,,,,,,,,,,,
,,,,,,,,,,,,,
,,,,,,,,,,,,,
,,,,,,,,,,,,,
,,,,,,,,,,,,,
,,,,,,,,,,,,,
,,,,,,,,,,,,,
,,,,,,,,,,,,,
,,,,,,,,,,,,,
,,,,,,,,,,,,,
,,,,,,,,,,,,,
,,,,,,,,,,,,,
,,,,,,,,,,,,,
,,,,,,,,,,,,,
,,,,,,,,,,,,,
,,,,,,,,,,,,,
,,,,,,,,,,,,,
,,,,,,,,,,,,,
,,,,,,,,,,,,,
,,,,,,,,,,,,,
,,,,,,,,,,,,,
,,,,,,,,,,,,,
,,,,,,,,,,,,,
,,,,,,,,,,,,,
,,,,,,,,,,,,,
,,,,,,,,,,,,,
,,,,,,,,,,,,,
,,,,,,,,,,,,,
,,,,,,,,,,,,,
,,,,,,,,,,,,,
,,,,,,,,,,,,,
,,,,,,,,,,,,,
,,,,,,,,,,,,,
,,,,,,,,,,,,,
,,,,,,,,,,,,,
,,,,,,,,,,,,,
,,,,,,,,,,,,,
,,,,,,,,,,,,,
,,,,,,,,,,,,,
,,,,,,,,,,,,,
,,,,,,,,,,,,,
,,,,,,,,,,,,,
,,,,,,,,,,,,,
,,,,,,,,,,,,,
,,,,,,,,,,,,,
,,,,,,,,,,,,,
,,,,,,,,,,,,,
,,,,,,,,,,,,,
,,,,,,,,,,,,,
,,,,,,,,,,,,,
,,,,,,,,,,,,,
,,,,,,,,,,,,,
,,,,,,,,,,,,,
,,,,,,,,,,,,,
,,,,,,,,,,,,,
,,,,,,,,,,,,,
,,,,,,,,,,,,,
,,,,,,,,,,,,,
,,,,,,,,,,,,,
,,,,,,,,,,,,,
,,,,,,,,,,,,,
,,,,,,,,,,,,,
,,,,,,,,,,,,,
,,,,,,,,,,,,,
,,,,,,,,,,,,,
,,,,,,,,,,,,,
,,,,,,,,,,,,,
,,,,,,,,,,,,,
,,,,,,,,,,,,,
,,,,,,,,,,,,,
,,,,,,,,,,,,,
,,,,,,,,,,,,,
,,,,,,,,,,,,,
,,,,,,,,,,,,,
,,,,,,,,,,,,,
,,,,,,,,,,,,,
,,,,,,,,,,,,,
,,,,,,,,,,,,,
,,,,,,,,,,,,,
,,,,,,,,,,,,,
,,,,,,,,,,,,,
,,,,,,,,,,,,,
,,,,,,,,,,,,,
,,,,,,,,,,,,,
,,,,,,,,,,,,,
,,,,,,,,,,,,,
,,,,,,,,,,,,,
,,,,,,,,,,,,,
,,,,,,,,,,,,,
,,,,,,,,,,,,,
,,,,,,,,,,,,,
,,,,,,,,,,,,,
,,,,,,,,,,,,,
,,,,,,,,,,,,,
,,,,,,,,,,,,,
,,,,,,,,,,,,,
,,,,,,,,,,,,,
,,,,,,,,,,,,,
,,,,,,,,,,,,,
,,,,,,,,,,,,,
,,,,,,,,,,,,,
,,,,,,,,,,,,,
,,,,,,,,,,,,,
,,,,,,,,,,,,,
,,,,,,,,,,,,,
,,,,,,,,,,,,,
,,,,,,,,,,,,,
,,,,,,,,,,,,,
,,,,,,,,,,,,,
,,,,,,,,,,,,,
,,,,,,,,,,,,,
,,,,,,,,,,,,,
,,,,,,,,,,,,,
,,,,,,,,,,,,,
,,,,,,,,,,,,,
,,,,,,,,,,,,,
,,,,,,,,,,,,,
,,,,,,,,,,,,,
,,,,,,,,,,,,,
,,,,,,,,,,,,,
,,,,,,,,,,,,,
,,,,,,,,,,,,,
,,,,,,,,,,,,,
,,,,,,,,,,,,,
,,,,,,,,,,,,,
,,,,,,,,,,,,,
,,,,,,,,,,,,,
,,,,,,,,,,,,,
,,,,,,,,,,,,,
,,,,,,,,,,,,,
,,,,,,,,,,,,,
,,,,,,,,,,,,,
,,,,,,,,,,,,,
,,,,,,,,,,,,,
,,,,,,,,,,,,,
,,,,,,,,,,,,,
,,,,,,,,,,,,,
,,,,,,,,,,,,,
,,,,,,,,,,,,,
,,,,,,,,,,,,,
,,,,,,,,,,,,,
,,,,,,,,,,,,,
,,,,,,,,,,,,,
,,,,,,,,,,,,,
,,,,,,,,,,,,,
,,,,,,,,,,,,,
,,,,,,,,,,,,,
,,,,,,,,,,,,,
,,,,,,,,,,,,,
,,,,,,,,,,,,,
,,,,,,,,,,,,,
,,,,,,,,,,,,,
,,,,,,,,,,,,,
,,,,,,,,,,,,,
,,,,,,,,,,,,,
,,,,,,,,,,,,,
,,,,,,,,,,,,,
,,,,,,,,,,,,,
,,,,,,,,,,,,,
,,,,,,,,,,,,,
,,,,,,,,,,,,,
,,,,,,,,,,,,,
,,,,,,,,,,,,,
,,,,,,,,,,,,,
,,,,,,,,,,,,,
,,,,,,,,,,,,,
,,,,,,,,,,,,,
,,,,,,,,,,,,,
,,,,,,,,,,,,,
,,,,,,,,,,,,,
,,,,,,,,,,,,,
,,,,,,,,,,,,,
,,,,,,,,,,,,,
,,,,,,,,,,,,,
,,,,,,,,,,,,,
,,,,,,,,,,,,,
,,,,,,,,,,,,,
,,,,,,,,,,,,,
,,,,,,,,,,,,,
,,,,,,,,,,,,,
,,,,,,,,,,,,,
,,,,,,,,,,,,,
,,,,,,,,,,,,,
,,,,,,,,,,,,,
,,,,,,,,,,,,,
,,,,,,,,,,,,,
,,,,,,,,,,,,,
,,,,,,,,,,,,,
,,,,,,,,,,,,,
,,,,,,,,,,,,,
,,,,,,,,,,,,,
,,,,,,,,,,,,,
,,,,,,,,,,,,,
,,,,,,,,,,,,,
,,,,,,,,,,,,,
,,,,,,,,,,,,,
,,,,,,,,,,,,,
,,,,,,,,,,,,,
,,,,,,,,,,,,,
,,,,,,,,,,,,,
,,,,,,,,,,,,,
,,,,,,,,,,,,,
,,,,,,,,,,,,,
,,,,,,,,,,,,,
,,,,,,,,,,,,,
,,,,,,,,,,,,,
,,,,,,,,,,,,,
,,,,,,,,,,,,,
,,,,,,,,,,,,,
,,,,,,,,,,,,,
,,,,,,,,,,,,,
,,,,,,,,,,,,,
,,,,,,,,,,,,,
,,,,,,,,,,,,,
,,,,,,,,,,,,,
,,,,,,,,,,,,,
,,,,,,,,,,,,,
,,,,,,,,,,,,,
,,,,,,,,,,,,,
,,,,,,,,,,,,,
,,,,,,,,,,,,,
,,,,,,,,,,,,,
,,,,,,,,,,,,,
,,,,,,,,,,,,,
,,,,,,,,,,,,,
,,,,,,,,,,,,,
,,,,,,,,,,,,,
,,,,,,,,,,,,,
,,,,,,,,,,,,,
,,,,,,,,,,,,,
,,,,,,,,,,,,,
,,,,,,,,,,,,,
,,,,,,,,,,,,,
,,,,,,,,,,,,,
,,,,,,,,,,,,,
,,,,,,,,,,,,,
,,,,,,,,,,,,,
,,,,,,,,,,,,,
,,,,,,,,,,,,,
,,,,,,,,,,,,,
,,,,,,,,,,,,,
,,,,,,,,,,,,,
,,,,,,,,,,,,,
,,,,,,,,,,,,,
,,,,,,,,,,,,,
,,,,,,,,,,,,,
,,,,,,,,,,,,,
,,,,,,,,,,,,,
,,,,,,,,,,,,,
,,,,,,,,,,,,,
,,,,,,,,,,,,,
,,,,,,,,,,,,,
,,,,,,,,,,,,,
,,,,,,,,,,,,,
,,,,,,,,,,,,,
,,,,,,,,,,,,,
,,,,,,,,,,,,,
,,,,,,,,,,,,,
,,,,,,,,,,,,,
,,,,,,,,,,,,,
,,,,,,,,,,,,,
,,,,,,,,,,,,,
,,,,,,,,,,,,,
,,,,,,,,,,,,,
,,,,,,,,,,,,,
,,,,,,,,,,,,,
,,,,,,,,,,,,,
,,,,,,,,,,,,,
,,,,,,,,,,,,,
,,,,,,,,,,,,,
,,,,,,,,,,,,,
,,,,,,,,,,,,,
,,,,,,,,,,,,,
,,,,,,,,,,,,,
,,,,,,,,,,,,,
,,,,,,,,,,,,,
,,,,,,,,,,,,,
,,,,,,,,,,,,,
,,,,,,,,,,,,,
,,,,,,,,,,,,,
,,,,,,,,,,,,,
,,,,,,,,,,,,,
,,,,,,,,,,,,,
,,,,,,,,,,,,,
,,,,,,,,,,,,,
,,,,,,,,,,,,,
,,,,,,,,,,,,,
,,,,,,,,,,,,,
,,,,,,,,,,,,,
,,,,,,,,,,,,,
,,,,,,,,,,,,,
,,,,,,,,,,,,,
,,,,,,,,,,,,,
,,,,,,,,,,,,,
,,,,,,,,,,,,,
,,,,,,,,,,,,,
,,,,,,,,,,,,,
,,,,,,,,,,,,,
,,,,,,,,,,,,,
,,,,,,,,,,,,,
,,,,,,,,,,,,,
,,,,,,,,,,,,,
,,,,,,,,,,,,,
,,,,,,,,,,,,,
,,,,,,,,,,,,,
,,,,,,,,,,,,,
,,,,,,,,,,,,,
,,,,,,,,,,,,,
,,,,,,,,,,,,,
,,,,,,,,,,,,,
,,,,,,,,,,,,,
,,,,,,,,,,,,,
,,,,,,,,,,,,,
,,,,,,,,,,,,,
,,,,,,,,,,,,,
,,,,,,,,,,,,,
,,,,,,,,,,,,,
,,,,,,,,,,,,,
,,,,,,,,,,,,,
,,,,,,,,,,,,,
,,,,,,,,,,,,,
,,,,,,,,,,,,,
,,,,,,,,,,,,,
,,,,,,,,,,,,,
,,,,,,,,,,,,,
,,,,,,,,,,,,,
,,,,,,,,,,,,,
,,,,,,,,,,,,,
,,,,,,,,,,,,,
,,,,,,,,,,,,,
,,,,,,,,,,,,,
,,,,,,,,,,,,,
,,,,,,,,,,,,,
,,,,,,,,,,,,,
,,,,,,,,,,,,,
,,,,,,,,,,,,,
,,,,,,,,,,,,,
,,,,,,,,,,,,,
,,,,,,,,,,,,,
,,,,,,,,,,,,,
,,,,,,,,,,,,,
,,,,,,,,,,,,,
,,,,,,,,,,,,,
,,,,,,,,,,,,,
,,,,,,,,,,,,,
,,,,,,,,,,,,,
,,,,,,,,,,,,,
,,,,,,,,,,,,,
,,,,,,,,,,,,,
,,,,,,,,,,,,,
,,,,,,,,,,,,,
,,,,,,,,,,,,,
,,,,,,,,,,,,,
,,,,,,,,,,,,,
,,,,,,,,,,,,,
,,,,,,,,,,,,,
,,,,,,,,,,,,,
,,,,,,,,,,,,,
,,,,,,,,,,,,,
,,,,,,,,,,,,,
,,,,,,,,,,,,,
,,,,,,,,,,,,,
,,,,,,,,,,,,,
,,,,,,,,,,,,,
,,,,,,,,,,,,,
,,,,,,,,,,,,,
,,,,,,,,,,,,,
,,,,,,,,,,,,,
,,,,,,,,,,,,,
,,,,,,,,,,,,,
,,,,,,,,,,,,,
,,,,,,,,,,,,,
,,,,,,,,,,,,,
,,,,,,,,,,,,,
,,,,,,,,,,,,,
,,,,,,,,,,,,,
,,,,,,,,,,,,,
,,,,,,,,,,,,,
,,,,,,,,,,,,,
,,,,,,,,,,,,,
,,,,,,,,,,,,,
,,,,,,,,,,,,,
,,,,,,,,,,,,,
,,,,,,,,,,,,,
,,,,,,,,,,,,,
,,,,,,,,,,,,,
,,,,,,,,,,,,,
,,,,,,,,,,,,,
,,,,,,,,,,,,,
,,,,,,,,,,,,,
,,,,,,,,,,,,,
,,,,,,,,,,,,,
,,,,,,,,,,,,,
,,,,,,,,,,,,,
,,,,,,,,,,,,,
,,,,,,,,,,,,,
,,,,,,,,,,,,,
,,,,,,,,,,,,,
,,,,,,,,,,,,,
,,,,,,,,,,,,,
,,,,,,,,,,,,,
,,,,,,,,,,,,,
,,,,,,,,,,,,,
,,,,,,,,,,,,,
,,,,,,,,,,,,,
,,,,,,,,,,,,,
,,,,,,,,,,,,,
,,,,,,,,,,,,,
,,,,,,,,,,,,,
,,,,,,,,,,,,,
,,,,,,,,,,,,,
,,,,,,,,,,,,,
,,,,,,,,,,,,,
,,,,,,,,,,,,,
,,,,,,,,,,,,,
,,,,,,,,,,,,,
,,,,,,,,,,,,,
,,,,,,,,,,,,,
,,,,,,,,,,,,,
,,,,,,,,,,,,,
,,,,,,,,,,,,,
,,,,,,,,,,,,,
,,,,,,,,,,,,,
,,,,,,,,,,,,,
,,,,,,,,,,,,,
,,,,,,,,,,,,,
,,,,,,,,,,,,,
,,,,,,,,,,,,,
,,,,,,,,,,,,,
,,,,,,,,,,,,,
,,,,,,,,,,,,,
,,,,,,,,,,,,,
,,,,,,,,,,,,,
,,,,,,,,,,,,,
,,,,,,,,,,,,,
,,,,,,,,,,,,,
,,,,,,,,,,,,,
,,,,,,,,,,,,,
,,,,,,,,,,,,,
,,,,,,,,,,,,,
,,,,,,,,,,,,,
,,,,,,,,,,,,,
,,,,,,,,,,,,,
,,,,,,,,,,,,,
,,,,,,,,,,,,,
,,,,,,,,,,,,,
,,,,,,,,,,,,,
,,,,,,,,,,,,,
,,,,,,,,,,,,,
,,,,,,,,,,,,,
,,,,,,,,,,,,,
,,,,,,,,,,,,,
,,,,,,,,,,,,,
,,,,,,,,,,,,,
,,,,,,,,,,,,,
,,,,,,,,,,,,,
,,,,,,,,,,,,,
,,,,,,,,,,,,,
,,,,,,,,,,,,,
,,,,,,,,,,,,,
,,,,,,,,,,,,,
,,,,,,,,,,,,,
,,,,,,,,,,,,,
,,,,,,,,,,,,,
,,,,,,,,,,,,,
,,,,,,,,,,,,,
,,,,,,,,,,,,,
,,,,,,,,,,,,,
,,,,,,,,,,,,,
,,,,,,,,,,,,,
,,,,,,,,,,,,,
,,,,,,,,,,,,,
,,,,,,,,,,,,,
,,,,,,,,,,,,,
,,,,,,,,,,,,,
,,,,,,,,,,,,,
,,,,,,,,,,,,,
,,,,,,,,,,,,,
,,,,,,,,,,,,,
,,,,,,,,,,,,,
,,,,,,,,,,,,,
,,,,,,,,,,,,,
,,,,,,,,,,,,,
,,,,,,,,,,,,,
,,,,,,,,,,,,,
,,,,,,,,,,,,,
,,,,,,,,,,,,,
,,,,,,,,,,,,,
,,,,,,,,,,,,,
,,,,,,,,,,,,,
,,,,,,,,,,,,,
,,,,,,,,,,,,,
,,,,,,,,,,,,,
,,,,,,,,,,,,,
,,,,,,,,,,,,,
,,,,,,,,,,,,,
,,,,,,,,,,,,,
,,,,,,,,,,,,,
,,,,,,,,,,,,,
,,,,,,,,,,,,,
,,,,,,,,,,,,,
,,,,,,,,,,,,,
,,,,,,,,,,,,,
,,,,,,,,,,,,,
,,,,,,,,,,,,,
,,,,,,,,,,,,,
,,,,,,,,,,,,,
,,,,,,,,,,,,,
,,,,,,,,,,,,,
,,,,,,,,,,,,,
,,,,,,,,,,,,,
,,,,,,,,,,,,,
,,,,,,,,,,,,,
,,,,,,,,,,,,,
,,,,,,,,,,,,,
,,,,,,,,,,,,,
,,,,,,,,,,,,,
,,,,,,,,,,,,,
,,,,,,,,,,,,,
,,,,,,,,,,,,,
,,,,,,,,,,,,,
,,,,,,,,,,,,,
,,,,,,,,,,,,,
,,,,,,,,,,,,,
,,,,,,,,,,,,,
,,,,,,,,,,,,,
,,,,,,,,,,,,,
,,,,,,,,,,,,,
,,,,,,,,,,,,,
,,,,,,,,,,,,,
,,,,,,,,,,,,,
,,,,,,,,,,,,,
,,,,,,,,,,,,,
,,,,,,,,,,,,,
,,,,,,,,,,,,,
,,,,,,,,,,,,,
,,,,,,,,,,,,,
,,,,,,,,,,,,,
,,,,,,,,,,,,,
,,,,,,,,,,,,,
,,,,,,,,,,,,,
,,,,,,,,,,,,,
,,,,,,,,,,,,,
,,,,,,,,,,,,,
,,,,,,,,,,,,,
,,,,,,,,,,,,,
,,,,,,,,,,,,,
,,,,,,,,,,,,,
,,,,,,,,,,,,,
,,,,,,,,,,,,,
,,,,,,,,,,,,,
,,,,,,,,,,,,,
,,,,,,,,,,,,,
,,,,,,,,,,,,,
,,,,,,,,,,,,,
,,,,,,,,,,,,,
,,,,,,,,,,,,,
,,,,,,,,,,,,,
,,,,,,,,,,,,,
,,,,,,,,,,,,,
,,,,,,,,,,,,,
,,,,,,,,,,,,,
,,,,,,,,,,,,,
,,,,,,,,,,,,,
,,,,,,,,,,,,,
,,,,,,,,,,,,,
,,,,,,,,,,,,,
,,,,,,,,,,,,,
,,,,,,,,,,,,,
,,,,,,,,,,,,,
,,,,,,,,,,,,,
,,,,,,,,,,,,,
,,,,,,,,,,,,,
,,,,,,,,,,,,,
,,,,,,,,,,,,,
,,,,,,,,,,,,,
,,,,,,,,,,,,,
,,,,,,,,,,,,,
,,,,,,,,,,,,,
,,,,,,,,,,,,,
,,,,,,,,,,,,,
,,,,,,,,,,,,,
,,,,,,,,,,,,,
,,,,,,,,,,,,,
,,,,,,,,,,,,,
,,,,,,,,,,,,,
,,,,,,,,,,,,,
,,,,,,,,,,,,,
,,,,,,,,,,,,,
,,,,,,,,,,,,,
,,,,,,,,,,,,,
,,,,,,,,,,,,,
,,,,,,,,,,,,,
,,,,,,,,,,,,,
,,,,,,,,,,,,,
,,,,,,,,,,,,,
,,,,,,,,,,,,,
,,,,,,,,,,,,,
,,,,,,,,,,,,,
,,,,,,,,,,,,,
,,,,,,,,,,,,,
,,,,,,,,,,,,,
,,,,,,,,,,,,,
,,,,,,,,,,,,,
,,,,,,,,,,,,,
,,,,,,,,,,,,,
,,,,,,,,,,,,,
,,,,,,,,,,,,,
,,,,,,,,,,,,,
,,,,,,,,,,,,,
,,,,,,,,,,,,,
,,,,,,,,,,,,,
,,,,,,,,,,,,,
,,,,,,,,,,,,,
,,,,,,,,,,,,,
,,,,,,,,,,,,,
,,,,,,,,,,,,,
,,,,,,,,,,,,,
,,,,,,,,,,,,,
,,,,,,,,,,,,,
,,,,,,,,,,,,,
,,,,,,,,,,,,,
,,,,,,,,,,,,,
,,,,,,,,,,,,,
,,,,,,,,,,,,,
,,,,,,,,,,,,,
,,,,,,,,,,,,,
,,,,,,,,,,,,,
,,,,,,,,,,,,,
,,,,,,,,,,,,,
,,,,,,,,,,,,,
,,,,,,,,,,,,,
,,,,,,,,,,,,,
,,,,,,,,,,,,,
,,,,,,,,,,,,,
,,,,,,,,,,,,,
,,,,,,,,,,,,,
,,,,,,,,,,,,,
,,,,,,,,,,,,,
,,,,,,,,,,,,,
,,,,,,,,,,,,,
,,,,,,,,,,,,,
,,,,,,,,,,,,,
,,,,,,,,,,,,,
,,,,,,,,,,,,,
,,,,,,,,,,,,,
,,,,,,,,,,,,,
,,,,,,,,,,,,,
,,,,,,,,,,,,,
,,,,,,,,,,,,,
,,,,,,,,,,,,,
,,,,,,,,,,,,,
,,,,,,,,,,,,,
,,,,,,,,,,,,,
,,,,,,,,,,,,,
,,,,,,,,,,,,,
,,,,,,,,,,,,,
,,,,,,,,,,,,,
,,,,,,,,,,,,,
,,,,,,,,,,,,,
,,,,,,,,,,,,,
,,,,,,,,,,,,,
,,,,,,,,,,,,,
,,,,,,,,,,,,,
,,,,,,,,,,,,,
,,,,,,,,,,,,,
,,,,,,,,,,,,,
,,,,,,,,,,,,,
,,,,,,,,,,,,,
,,,,,,,,,,,,,
,,,,,,,,,,,,,
,,,,,,,,,,,,,
,,,,,,,,,,,,,
,,,,,,,,,,,,,
,,,,,,,,,,,,,
,,,,,,,,,,,,,
,,,,,,,,,,,,,
,,,,,,,,,,,,,
,,,,,,,,,,,,,
,,,,,,,,,,,,,
,,,,,,,,,,,,,
,,,,,,,,,,,,,
,,,,,,,,,,,,,
,,,,,,,,,,,,,
,,,,,,,,,,,,,
,,,,,,,,,,,,,
,,,,,,,,,,,,,
,,,,,,,,,,,,,
,,,,,,,,,,,,,
,,,,,,,,,,,,,
,,,,,,,,,,,,,
,,,,,,,,,,,,,
,,,,,,,,,,,,,
,,,,,,,,,,,,,
,,,,,,,,,,,,,
,,,,,,,,,,,,,
,,,,,,,,,,,,,
,,,,,,,,,,,,,
,,,,,,,,,,,,,
,,,,,,,,,,,,,
,,,,,,,,,,,,,
,,,,,,,,,,,,,
,,,,,,,,,,,,,
,,,,,,,,,,,,,
,,,,,,,,,,,,,
,,,,,,,,,,,,,
,,,,,,,,,,,,,
,,,,,,,,,,,,,
,,,,,,,,,,,,,
,,,,,,,,,,,,,
,,,,,,,,,,,,,
,,,,,,,,,,,,,
,,,,,,,,,,,,,
,,,,,,,,,,,,,
,,,,,,,,,,,,,
,,,,,,,,,,,,,
,,,,,,,,,,,,,
,,,,,,,,,,,,,
,,,,,,,,,,,,,
,,,,,,,,,,,,,
,,,,,,,,,,,,,
,,,,,,,,,,,,,
,,,,,,,,,,,,,
,,,,,,,,,,,,,
,,,,,,,,,,,,,
,,,,,,,,,,,,,
,,,,,,,,,,,,,
,,,,,,,,,,,,,
,,,,,,,,,,,,,
,,,,,,,,,,,,,
,,,,,,,,,,,,,
,,,,,,,,,,,,,
,,,,,,,,,,,,,
,,,,,,,,,,,,,
,,,,,,,,,,,,,
,,,,,,,,,,,,,
,,,,,,,,,,,,,
,,,,,,,,,,,,,
,,,,,,,,,,,,,
,,,,,,,,,,,,,
,,,,,,,,,,,,,
,,,,,,,,,,,,,
,,,,,,,,,,,,,
,,,,,,,,,,,,,
,,,,,,,,,,,,,
,,,,,,,,,,,,,
,,,,,,,,,,,,,
,,,,,,,,,,,,,
,,,,,,,,,,,,,
,,,,,,,,,,,,,
,,,,,,,,,,,,,
,,,,,,,,,,,,,
,,,,,,,,,,,,,
,,,,,,,,,,,,,
,,,,,,,,,,,,,
,,,,,,,,,,,,,
,,,,,,,,,,,,,
,,,,,,,,,,,,,
,,,,,,,,,,,,,
,,,,,,,,,,,,,
,,,,,,,,,,,,,
,,,,,,,,,,,,,
,,,,,,,,,,,,,
,,,,,,,,,,,,,
,,,,,,,,,,,,,
,,,,,,,,,,,,,
,,,,,,,,,,,,,
,,,,,,,,,,,,,
,,,,,,,,,,,,,
,,,,,,,,,,,,,
,,,,,,,,,,,,,
,,,,,,,,,,,,,
,,,,,,,,,,,,,
,,,,,,,,,,,,,
,,,,,,,,,,,,,
,,,,,,,,,,,,,
,,,,,,,,,,,,,
,,,,,,,,,,,,,
,,,,,,,,,,,,,
,,,,,,,,,,,,,
,,,,,,,,,,,,,
,,,,,,,,,,,,,
,,,,,,,,,,,,,
,,,,,,,,,,,,,
,,,,,,,,,,,,,
,,,,,,,,,,,,,
,,,,,,,,,,,,,
,,,,,,,,,,,,,
,,,,,,,,,,,,,
,,,,,,,,,,,,,
,,,,,,,,,,,,,
,,,,,,,,,,,,,
,,,,,,,,,,,,,
,,,,,,,,,,,,,
,,,,,,,,,,,,,
,,,,,,,,,,,,,
,,,,,,,,,,,,,
,,,,,,,,,,,,,
,,,,,,,,,,,,,
,,,,,,,,,,,,,
,,,,,,,,,,,,,
,,,,,,,,,,,,,
,,,,,,,,,,,,,
,,,,,,,,,,,,,
,,,,,,,,,,,,,
,,,,,,,,,,,,,
,,,,,,,,,,,,,
,,,,,,,,,,,,,
,,,,,,,,,,,,,
,,,,,,,,,,,,,
,,,,,,,,,,,,,
,,,,,,,,,,,,,
,,,,,,,,,,,,,
,,,,,,,,,,,,,
,,,,,,,,,,,,,
,,,,,,,,,,,,,
,,,,,,,,,,,,,
,,,,,,,,,,,,,
,,,,,,,,,,,,,
,,,,,,,,,,,,,
,,,,,,,,,,,,,
,,,,,,,,,,,,,
,,,,,,,,,,,,,
,,,,,,,,,,,,,
,,,,,,,,,,,,,
,,,,,,,,,,,,,
,,,,,,,,,,,,,
,,,,,,,,,,,,,
,,,,,,,,,,,,,
,,,,,,,,,,,,,
,,,,,,,,,,,,,
,,,,,,,,,,,,,
,,,,,,,,,,,,,
,,,,,,,,,,,,,
,,,,,,,,,,,,,
,,,,,,,,,,,,,
,,,,,,,,,,,,,
,,,,,,,,,,,,,
,,,,,,,,,,,,,
,,,,,,,,,,,,,
,,,,,,,,,,,,,
,,,,,,,,,,,,,
,,,,,,,,,,,,,
,,,,,,,,,,,,,
,,,,,,,,,,,,,
,,,,,,,,,,,,,
,,,,,,,,,,,,,
,,,,,,,,,,,,,
,,,,,,,,,,,,,
,,,,,,,,,,,,,
,,,,,,,,,,,,,
,,,,,,,,,,,,,
,,,,,,,,,,,,,
,,,,,,,,,,,,,
,,,,,,,,,,,,,
,,,,,,,,,,,,,
,,,,,,,,,,,,,
,,,,,,,,,,,,,
,,,,,,,,,,,,,
,,,,,,,,,,,,,
,,,,,,,,,,,,,
,,,,,,,,,,,,,
,,,,,,,,,,,,,
,,,,,,,,,,,,,
,,,,,,,,,,,,,
,,,,,,,,,,,,,
,,,,,,,,,,,,,
,,,,,,,,,,,,,
,,,,,,,,,,,,,
,,,,,,,,,,,,,
,,,,,,,,,,,,,
,,,,,,,,,,,,,
,,,,,,,,,,,,,
,,,,,,,,,,,,,
,,,,,,,,,,,,,
,,,,,,,,,,,,,
,,,,,,,,,,,,,
,,,,,,,,,,,,,
,,,,,,,,,,,,,
,,,,,,,,,,,,,
,,,,,,,,,,,,,
,,,,,,,,,,,,,
,,,,,,,,,,,,,
,,,,,,,,,,,,,
,,,,,,,,,,,,,
,,,,,,,,,,,,,
,,,,,,,,,,,,,
,,,,,,,,,,,,,
,,,,,,,,,,,,,
,,,,,,,,,,,,,
,,,,,,,,,,,,,
,,,,,,,,,,,,,
,,,,,,,,,,,,,
,,,,,,,,,,,,,
,,,,,,,,,,,,,
,,,,,,,,,,,,,
,,,,,,,,,,,,,
,,,,,,,,,,,,,
,,,,,,,,,,,,,
,,,,,,,,,,,,,
,,,,,,,,,,,,,
,,,,,,,,,,,,,
,,,,,,,,,,,,,
,,,,,,,,,,,,,
,,,,,,,,,,,,,
,,,,,,,,,,,,,
,,,,,,,,,,,,,
,,,,,,,,,,,,,
,,,,,,,,,,,,,
,,,,,,,,,,,,,
,,,,,,,,,,,,,
,,,,,,,,,,,,,
,,,,,,,,,,,,,
,,,,,,,,,,,,,
,,,,,,,,,,,,,
,,,,,,,,,,,,,
,,,,,,,,,,,,,
,,,,,,,,,,,,,
,,,,,,,,,,,,,
,,,,,,,,,,,,,
,,,,,,,,,,,,,
,,,,,,,,,,,,,
,,,,,,,,,,,,,
,,,,,,,,,,,,,
,,,,,,,,,,,,,
,,,,,,,,,,,,,
,,,,,,,,,,,,,
,,,,,,,,,,,,,
,,,,,,,,,,,,,
,,,,,,,,,,,,,
,,,,,,,,,,,,,
,,,,,,,,,,,,,
,,,,,,,,,,,,,
,,,,,,,,,,,,,
,,,,,,,,,,,,,
,,,,,,,,,,,,,
,,,,,,,,,,,,,
,,,,,,,,,,,,,
,,,,,,,,,,,,,
,,,,,,,,,,,,,
,,,,,,,,,,,,,
,,,,,,,,,,,,,
,,,,,,,,,,,,,
,,,,,,,,,,,,,
,,,,,,,,,,,,,
,,,,,,,,,,,,,
,,,,,,,,,,,,,
,,,,,,,,,,,,,
,,,,,,,,,,,,,
,,,,,,,,,,,,,
,,,,,,,,,,,,,
,,,,,,,,,,,,,
,,,,,,,,,,,,,
,,,,,,,,,,,,,
,,,,,,,,,,,,,
,,,,,,,,,,,,,
,,,,,,,,,,,,,
,,,,,,,,,,,,,
,,,,,,,,,,,,,
,,,,,,,,,,,,,
,,,,,,,,,,,,,
,,,,,,,,,,,,,
,,,,,,,,,,,,,
,,,,,,,,,,,,,
,,,,,,,,,,,,,
,,,,,,,,,,,,,
,,,,,,,,,,,,,
,,,,,,,,,,,,,
,,,,,,,,,,,,,
,,,,,,,,,,,,,
,,,,,,,,,,,,,
,,,,,,,,,,,,,
,,,,,,,,,,,,,
,,,,,,,,,,,,,
,,,,,,,,,,,,,
,,,,,,,,,,,,,
,,,,,,,,,,,,,
,,,,,,,,,,,,,
,,,,,,,,,,,,,
,,,,,,,,,,,,,
,,,,,,,,,,,,,
,,,,,,,,,,,,,
,,,,,,,,,,,,,
,,,,,,,,,,,,,
,,,,,,,,,,,,,
,,,,,,,,,,,,,
,,,,,,,,,,,,,
,,,,,,,,,,,,,
,,,,,,,,,,,,,
,,,,,,,,,,,,,
,,,,,,,,,,,,,
,,,,,,,,,,,,,
,,,,,,,,,,,,,
,,,,,,,,,,,,,
,,,,,,,,,,,,,
,,,,,,,,,,,,,
,,,,,,,,,,,,,
,,,,,,,,,,,,,
,,,,,,,,,,,,,
,,,,,,,,,,,,,
,,,,,,,,,,,,,
,,,,,,,,,,,,,
,,,,,,,,,,,,,
,,,,,,,,,,,,,
,,,,,,,,,,,,,
,,,,,,,,,,,,,
,,,,,,,,,,,,,
,,,,,,,,,,,,,
,,,,,,,,,,,,,
,,,,,,,,,,,,,
,,,,,,,,,,,,,
,,,,,,,,,,,,,
,,,,,,,,,,,,,
,,,,,,,,,,,,,
,,,,,,,,,,,,,
,,,,,,,,,,,,,
,,,,,,,,,,,,,
,,,,,,,,,,,,,
,,,,,,,,,,,,,
,,,,,,,,,,,,,
,,,,,,,,,,,,,
,,,,,,,,,,,,,
,,,,,,,,,,,,,
,,,,,,,,,,,,,
,,,,,,,,,,,,,
,,,,,,,,,,,,,
,,,,,,,,,,,,,
,,,,,,,,,,,,,
,,,,,,,,,,,,,
,,,,,,,,,,,,,
,,,,,,,,,,,,,
,,,,,,,,,,,,,
,,,,,,,,,,,,,
,,,,,,,,,,,,,
,,,,,,,,,,,,,
,,,,,,,,,,,,,
,,,,,,,,,,,,,
,,,,,,,,,,,,,
,,,,,,,,,,,,,
,,,,,,,,,,,,,
,,,,,,,,,,,,,
,,,,,,,,,,,,,
,,,,,,,,,,,,,
,,,,,,,,,,,,,
,,,,,,,,,,,,,
,,,,,,,,,,,,,
,,,,,,,,,,,,,
,,,,,,,,,,,,,
,,,,,,,,,,,,,
,,,,,,,,,,,,,
,,,,,,,,,,,,,
,,,,,,,,,,,,,
,,,,,,,,,,,,,
,,,,,,,,,,,,,
,,,,,,,,,,,,,
,,,,,,,,,,,,,
,,,,,,,,,,,,,
,,,,,,,,,,,,,
,,,,,,,,,,,,,
,,,,,,,,,,,,,
,,,,,,,,,,,,,
,,,,,,,,,,,,,
,,,,,,,,,,,,,
,,,,,,,,,,,,,
,,,,,,,,,,,,,
,,,,,,,,,,,,,
,,,,,,,,,,,,,
,,,,,,,,,,,,,
